index,color,R1_C_H2O_metabat.29	cellular organisms; Archaea; Euryarchaeota; Halobacteria; ,R2_A_D2_concoct.19	cellular organisms; Archaea; Euryarchaeota; Halobacteria; ,R2_r_DShore_concoct.40	cellular organisms; Archaea; Euryarchaeota; Halobacteria; ,R1_A_H2O_metabat.14	cellular organisms; Archaea; Euryarchaeota; Halobacteria; ,R2_C_H2O_metabat.20	cellular organisms; Archaea; Euryarchaeota; Halobacteria; ,R2_r_DShore_concoct.37	cellular organisms; Archaea; Euryarchaeota; Halobacteria; ,R2_C_H2O_concoct.60	cellular organisms; Archaea; Euryarchaeota; Halobacteria; ,R1_B_H2O_metabat.17	cellular organisms; Archaea; Euryarchaeota; Halobacteria; ,SF2_C_D2_concoct.25	cellular organisms; Archaea; Euryarchaeota; Halobacteria; ,R1_A_D1.concoct.5	cellular organisms; Archaea; Euryarchaeota; Halobacteria; ,R2_A_H2O_concoct.11	cellular organisms; Archaea; Euryarchaeota; Halobacteria; Halobacteriales; ,R2_A_H2O_concoct.45	cellular organisms; Archaea; Euryarchaeota; Halobacteria; Halobacteriales; ,R2_B_H2O_metabat.17	cellular organisms; Archaea; Euryarchaeota; Halobacteria; Halobacteriales; Haloarculaceae; Natronomonas; ,R2_A_D2_concoct.67	cellular organisms; Archaea; Euryarchaeota; Halobacteria; Halobacteriales; Haloarculaceae; Natronomonas; ,R2_A_H2O_concoct.29	cellular organisms; Archaea; Euryarchaeota; Halobacteria; Haloferacales; Haloferacaceae; Haloplanus; ,R2_A_D2_metabat.16	cellular organisms; Archaea; Euryarchaeota; Halobacteria; Haloferacales; Haloferacaceae; Haloquadratum; ,R1_A_H2O_metabat.8	cellular organisms; Archaea; Euryarchaeota; Halobacteria; Haloferacales; Halorubraceae; ,R2_A_H2O_metabat.14	cellular organisms; Archaea; Euryarchaeota; Halobacteria; Haloferacales; Halorubraceae; Halohasta; ,R2_B_H2O_metabat.16	cellular organisms; Archaea; Euryarchaeota; Halobacteria; Haloferacales; Halorubraceae; Halonotius; ,R2_A_D2_concoct.9	cellular organisms; Archaea; Euryarchaeota; Halobacteria; Haloferacales; Halorubraceae; Halorubrum; ,R2_C_H2O_concoct.35	cellular organisms; Archaea; Euryarchaeota; Halobacteria; Haloferacales; Halorubraceae; Halorubrum; ,R2_A_D2_metabat.14	cellular organisms; Archaea; Euryarchaeota; Halobacteria; Haloferacales; Halorubraceae; Halorubrum; ,R1_C_D1_metabat.31	cellular organisms; Archaea; Euryarchaeota; Halobacteria; Natrialbales; Natrialbaceae; Haloterrigena; ,R1_A_D2_concoct.21	cellular organisms; Archaea; Euryarchaeota; Methanomicrobia; Methanosarcinales; Methanosarcinaceae; Methanolobus; ,R2A_A_D2_metabat.16	cellular organisms; Archaea; TACK group; Thaumarchaeota; Nitrosopumilales; Nitrosopumilaceae; Nitrosopumilus; ,R2A_C_D1_concoct.52	cellular organisms; Archaea; TACK group; Thaumarchaeota; Nitrosopumilales; Nitrosopumilaceae; Nitrosopumilus; ,R1_B_D1_concoct.53	cellular organisms; Bacteria; Balneolaeota; Balneolia; Balneolales; Balneolaceae; ,R1_A_D1.metabat.15	cellular organisms; Bacteria; Balneolaeota; Balneolia; Balneolales; Balneolaceae; Aliifodinibius; ,R2_A_D1_metabat.10	cellular organisms; Bacteria; Balneolaeota; Balneolia; Balneolales; Balneolaceae; Rhodohalobacter; ,R2_r_C_black_concoct.26	cellular organisms; Bacteria; FCB group; Bacteroidetes/Chlorobi group; Bacteroidetes; ,R2_r_C_black_metabat.2	cellular organisms; Bacteria; FCB group; Bacteroidetes/Chlorobi group; Bacteroidetes; ,R1_A_D2_concoct.51	cellular organisms; Bacteria; FCB group; Bacteroidetes/Chlorobi group; Bacteroidetes; ,R2_C_D1_concoct.98	cellular organisms; Bacteria; FCB group; Bacteroidetes/Chlorobi group; Bacteroidetes; ,R2_r_C_black_metabat.13	cellular organisms; Bacteria; FCB group; Bacteroidetes/Chlorobi group; Bacteroidetes; ,SF2_A_H2O_concoct.33	cellular organisms; Bacteria; FCB group; Bacteroidetes/Chlorobi group; Bacteroidetes; ,R2_C_D1_concoct.7	cellular organisms; Bacteria; FCB group; Bacteroidetes/Chlorobi group; Bacteroidetes; ,R2A_C_D2_concoct.4	cellular organisms; Bacteria; FCB group; Bacteroidetes/Chlorobi group; Bacteroidetes; ,SF2_B_H2O_metabat.25	cellular organisms; Bacteria; FCB group; Bacteroidetes/Chlorobi group; Bacteroidetes; ,R1_A_D2_metabat.31	cellular organisms; Bacteria; FCB group; Bacteroidetes/Chlorobi group; Bacteroidetes; ,R2_r_C_black_concoct.43	cellular organisms; Bacteria; FCB group; Bacteroidetes/Chlorobi group; Bacteroidetes; ,R2A_B_D2_concoct.47	cellular organisms; Bacteria; FCB group; Bacteroidetes/Chlorobi group; Bacteroidetes; ,SF2_C_D2_concoct.17	cellular organisms; Bacteria; FCB group; Bacteroidetes/Chlorobi group; Bacteroidetes; ,R2_C_D2_concoct.104	cellular organisms; Bacteria; FCB group; Bacteroidetes/Chlorobi group; Bacteroidetes; ,R1_B_D2_metabat.37	cellular organisms; Bacteria; FCB group; Bacteroidetes/Chlorobi group; Bacteroidetes; ,R1_B_H2O_concoct.13	cellular organisms; Bacteria; FCB group; Bacteroidetes/Chlorobi group; Bacteroidetes; ,R2A_C_H2O_metabat.16	cellular organisms; Bacteria; FCB group; Bacteroidetes/Chlorobi group; Bacteroidetes; ,R2_C_D1_concoct.71	cellular organisms; Bacteria; FCB group; Bacteroidetes/Chlorobi group; Bacteroidetes; ,SF2_C_D2_concoct.32	cellular organisms; Bacteria; FCB group; Bacteroidetes/Chlorobi group; Bacteroidetes; ,R2_A_D1_metabat.24	cellular organisms; Bacteria; FCB group; Bacteroidetes/Chlorobi group; Bacteroidetes; ,R1_A_D2_metabat.36	cellular organisms; Bacteria; FCB group; Bacteroidetes/Chlorobi group; Bacteroidetes; ,R2A_C_D2_concoct.34	cellular organisms; Bacteria; FCB group; Bacteroidetes/Chlorobi group; Bacteroidetes; Bacteroidia; ,R2_B_D1_concoct.40	cellular organisms; Bacteria; FCB group; Bacteroidetes/Chlorobi group; Bacteroidetes; Bacteroidia; Marinilabiliales; Prolixibacteraceae; ,R1_A_D2_concoct.109	cellular organisms; Bacteria; FCB group; Bacteroidetes/Chlorobi group; Bacteroidetes; Bacteroidia; Marinilabiliales; Prolixibacteraceae; Tangfeifania; ,R2_B_D2_metabat.20	cellular organisms; Bacteria; FCB group; Bacteroidetes/Chlorobi group; Bacteroidetes; Bacteroidia; Marinilabiliales; Salinivirgaceae; Salinivirga; ,R2A_A_H2O_concoct.78	cellular organisms; Bacteria; FCB group; Bacteroidetes/Chlorobi group; Bacteroidetes; Flavobacteriia; ,SF2_A_H2O_metabat.28	cellular organisms; Bacteria; FCB group; Bacteroidetes/Chlorobi group; Bacteroidetes; Flavobacteriia; ,R1_B_D1_concoct.89	cellular organisms; Bacteria; FCB group; Bacteroidetes/Chlorobi group; Bacteroidetes; Flavobacteriia; ,R2A_B_H2O_concoct.59	cellular organisms; Bacteria; FCB group; Bacteroidetes/Chlorobi group; Bacteroidetes; Flavobacteriia; ,SF2_B_H2O_metabat.28	cellular organisms; Bacteria; FCB group; Bacteroidetes/Chlorobi group; Bacteroidetes; Flavobacteriia; Flavobacteriales; ,R2A_B_H2O_concoct.80	cellular organisms; Bacteria; FCB group; Bacteroidetes/Chlorobi group; Bacteroidetes; Flavobacteriia; Flavobacteriales; Flavobacteriaceae; ,R2A_A_D2_concoct.25	cellular organisms; Bacteria; FCB group; Bacteroidetes/Chlorobi group; Bacteroidetes; Flavobacteriia; Flavobacteriales; Flavobacteriaceae; ,R2A_A_D2_metabat.7	cellular organisms; Bacteria; FCB group; Bacteroidetes/Chlorobi group; Bacteroidetes; Flavobacteriia; Flavobacteriales; Flavobacteriaceae; ,R1_A_H2O_metabat.6	cellular organisms; Bacteria; FCB group; Bacteroidetes/Chlorobi group; Bacteroidetes; Flavobacteriia; Flavobacteriales; Flavobacteriaceae; ,R1_A_H2O_concoct.2	cellular organisms; Bacteria; FCB group; Bacteroidetes/Chlorobi group; Bacteroidetes; Flavobacteriia; Flavobacteriales; Flavobacteriaceae; ,R2_C_D2_concoct.100	cellular organisms; Bacteria; FCB group; Bacteroidetes/Chlorobi group; Bacteroidetes; Flavobacteriia; Flavobacteriales; Flavobacteriaceae; ,SF2_B_D1_concoct.44	cellular organisms; Bacteria; FCB group; Bacteroidetes/Chlorobi group; Bacteroidetes; Flavobacteriia; Flavobacteriales; Flavobacteriaceae; ,R2A_A_D1_concoct.50	cellular organisms; Bacteria; FCB group; Bacteroidetes/Chlorobi group; Bacteroidetes; Flavobacteriia; Flavobacteriales; Flavobacteriaceae; ,R2A_C_D1_concoct.15	cellular organisms; Bacteria; FCB group; Bacteroidetes/Chlorobi group; Bacteroidetes; Flavobacteriia; Flavobacteriales; Flavobacteriaceae; ,SF2_C_H2O_metabat.29	cellular organisms; Bacteria; FCB group; Bacteroidetes/Chlorobi group; Bacteroidetes; Flavobacteriia; Flavobacteriales; Flavobacteriaceae; ,R2A_A_D1_concoct.42	cellular organisms; Bacteria; FCB group; Bacteroidetes/Chlorobi group; Bacteroidetes; Flavobacteriia; Flavobacteriales; Flavobacteriaceae; Gramella; ,R1_B_D2_metabat.34	cellular organisms; Bacteria; FCB group; Bacteroidetes/Chlorobi group; Bacteroidetes; Flavobacteriia; Flavobacteriales; Flavobacteriaceae; Muricauda; ,R1_B_H2O_metabat.11	cellular organisms; Bacteria; FCB group; Bacteroidetes/Chlorobi group; Bacteroidetes; Flavobacteriia; Flavobacteriales; Flavobacteriaceae; Psychroflexus; ,R1_B_D2_concoct.87	cellular organisms; Bacteria; FCB group; Bacteroidetes/Chlorobi group; Bacteroidetes; Flavobacteriia; Flavobacteriales; Flavobacteriaceae; Salegentibacter; ,R1_C_D2_concoct.36	cellular organisms; Bacteria; PVC group; Planctomycetes; Planctomycetia; Planctomycetales; Planctomycetaceae; ,R2_B_D2_concoct.4	cellular organisms; Bacteria; PVC group; Planctomycetes; Planctomycetia; Planctomycetales; Planctomycetaceae; ,R2A_A_D1_metabat.10	cellular organisms; Bacteria; Proteobacteria; ,R2A_A_D2_concoct.51	cellular organisms; Bacteria; Proteobacteria; ,R2A_C_D2_concoct.51	cellular organisms; Bacteria; Proteobacteria; ,R2A_A_D1_concoct.6	cellular organisms; Bacteria; Proteobacteria; ,R2_r_H2O_maxbin.005	cellular organisms; Bacteria; Proteobacteria; ,R2_B_D2_metabat.44	cellular organisms; Bacteria; Proteobacteria; ,R2_A_D1_concoct.84	cellular organisms; Bacteria; Proteobacteria; ,R2_C_D1_metabat.25	cellular organisms; Bacteria; Proteobacteria; ,R1_B_D1_metabat.38	cellular organisms; Bacteria; Proteobacteria; ,R2_A_D1_metabat.12	cellular organisms; Bacteria; Proteobacteria; ,R2_r_DShore_metabat.25	cellular organisms; Bacteria; Proteobacteria; ,R2_B_D2_concoct.39	cellular organisms; Bacteria; Proteobacteria; ,SF2_A_D2_concoct.33	cellular organisms; Bacteria; Proteobacteria; ,R2A_C_D1_metabat.18	cellular organisms; Bacteria; Proteobacteria; ,R2A_C_D1_metabat.17	cellular organisms; Bacteria; Proteobacteria; ,R2_B_D1_metabat.22	cellular organisms; Bacteria; Proteobacteria; ,R2_r_DShore_metabat.18	cellular organisms; Bacteria; Proteobacteria; ,SF2_B_D2_concoct.55	cellular organisms; Bacteria; Proteobacteria; ,R2A_C_D1_concoct.10	cellular organisms; Bacteria; Proteobacteria; ,R2_r_DShore_concoct.7	cellular organisms; Bacteria; Proteobacteria; ,SF2_C_D2_concoct.3	cellular organisms; Bacteria; Proteobacteria; ,R2_B_D2_metabat.50	cellular organisms; Bacteria; Proteobacteria; ,SF2_C_D2_concoct.39	cellular organisms; Bacteria; Proteobacteria; ,SF2_C_D2_metabat.11	cellular organisms; Bacteria; Proteobacteria; ,SF2_C_D2_metabat.19	cellular organisms; Bacteria; Proteobacteria; ,R2_B_D2_metabat.62	cellular organisms; Bacteria; Proteobacteria; ,R2_r_DShore_concoct.38	cellular organisms; Bacteria; Proteobacteria; ,R2_r_DShore_concoct.20	cellular organisms; Bacteria; Proteobacteria; ,R1_B_D1_metabat.29	cellular organisms; Bacteria; Proteobacteria; ,R2_A_D1_metabat.32	cellular organisms; Bacteria; Proteobacteria; ,R2A_C_D1_metabat.4	cellular organisms; Bacteria; Proteobacteria; ,R1_B_D2_metabat.16	cellular organisms; Bacteria; Proteobacteria; ,R2A_B_D2_concoct.54	cellular organisms; Bacteria; Proteobacteria; ,SF2_C_D2_concoct.8	cellular organisms; Bacteria; Proteobacteria; ,R2_A_D1_metabat.50	cellular organisms; Bacteria; Proteobacteria; ,R2A_A_H2O_metabat.22	cellular organisms; Bacteria; Proteobacteria; Alphaproteobacteria; ,R2A_C_D1_metabat.5	cellular organisms; Bacteria; Proteobacteria; Alphaproteobacteria; ,R2_A_D1_concoct.35	cellular organisms; Bacteria; Proteobacteria; Alphaproteobacteria; Rhizobiales; ,R2_r_C_black_metabat.8	cellular organisms; Bacteria; Proteobacteria; Alphaproteobacteria; Rhodobacterales; ,R1_C_H2O_concoct.79	cellular organisms; Bacteria; Proteobacteria; Alphaproteobacteria; Rhodobacterales; Rhodobacteraceae; ,R2_B_D2_concoct.32	cellular organisms; Bacteria; Proteobacteria; Alphaproteobacteria; Rhodobacterales; Rhodobacteraceae; ,R2_B_D1_metabat.13	cellular organisms; Bacteria; Proteobacteria; Alphaproteobacteria; Rhodobacterales; Rhodobacteraceae; ,SF2_B_H2O_metabat.8	cellular organisms; Bacteria; Proteobacteria; Alphaproteobacteria; Rhodobacterales; Rhodobacteraceae; ,SF2_C_H2O_metabat.13	cellular organisms; Bacteria; Proteobacteria; Alphaproteobacteria; Rhodobacterales; Rhodobacteraceae; ,R1_B_D1_metabat.20	cellular organisms; Bacteria; Proteobacteria; Alphaproteobacteria; Rhodobacterales; Rhodobacteraceae; ,R2_B_D2_metabat.38	cellular organisms; Bacteria; Proteobacteria; Alphaproteobacteria; Rhodobacterales; Rhodobacteraceae; ,R1_B_D1_metabat.40	cellular organisms; Bacteria; Proteobacteria; Alphaproteobacteria; Rhodobacterales; Rhodobacteraceae; ,R1_B_D2_concoct.51	cellular organisms; Bacteria; Proteobacteria; Alphaproteobacteria; Rhodobacterales; Rhodobacteraceae; ,R1_B_D2_metabat.18	cellular organisms; Bacteria; Proteobacteria; Alphaproteobacteria; Rhodobacterales; Rhodobacteraceae; ,R1_B_D2_metabat.28	cellular organisms; Bacteria; Proteobacteria; Alphaproteobacteria; Rhodobacterales; Rhodobacteraceae; ,R2_B_D2_metabat.19	cellular organisms; Bacteria; Proteobacteria; Alphaproteobacteria; Rhodobacterales; Rhodobacteraceae; ,R2_A_D1_concoct.49	cellular organisms; Bacteria; Proteobacteria; Alphaproteobacteria; Rhodobacterales; Rhodobacteraceae; ,R2_B_D2_metabat.10	cellular organisms; Bacteria; Proteobacteria; Alphaproteobacteria; Rhodobacterales; Rhodobacteraceae; ,R2_C_D2_concoct.18	cellular organisms; Bacteria; Proteobacteria; Alphaproteobacteria; Rhodobacterales; Rhodobacteraceae; ,R1_B_D2_concoct.37	cellular organisms; Bacteria; Proteobacteria; Alphaproteobacteria; Rhodobacterales; Rhodobacteraceae; Marivita; ,SF2_B_H2O_metabat.19	cellular organisms; Bacteria; Proteobacteria; Alphaproteobacteria; Rhodobacterales; Rhodobacteraceae; Planktomarina; ,R2_C_D2_concoct.47	cellular organisms; Bacteria; Proteobacteria; Alphaproteobacteria; Rhodobacterales; Rhodobacteraceae; Roseobacter; ,R2_B_D2_concoct.143	cellular organisms; Bacteria; Proteobacteria; Alphaproteobacteria; Rhodobacterales; Rhodobacteraceae; Roseobacter; ,R2_B_D2_metabat.55	cellular organisms; Bacteria; Proteobacteria; Alphaproteobacteria; Rhodobacterales; Rhodobacteraceae; Roseovarius; ,R2_B_D2_metabat.16	cellular organisms; Bacteria; Proteobacteria; Alphaproteobacteria; Rhodobacterales; Rhodobacteraceae; Roseovarius; ,R1_B_D1_metabat.32	cellular organisms; Bacteria; Proteobacteria; Alphaproteobacteria; Rhodobacterales; Rhodobacteraceae; Roseovarius; ,R2_C_D1_metabat.17	cellular organisms; Bacteria; Proteobacteria; Alphaproteobacteria; Rhodobacterales; Rhodobacteraceae; Roseovarius; ,R2_C_D2_concoct.45	cellular organisms; Bacteria; Proteobacteria; Alphaproteobacteria; Rhodobacterales; Rhodobacteraceae; Roseovarius; ,R2A_C_D2_concoct.9	cellular organisms; Bacteria; Proteobacteria; Betaproteobacteria; ,R2A_C_D2_metabat.38	cellular organisms; Bacteria; Proteobacteria; Betaproteobacteria; ,R2A_B_H2O_metabat.42	cellular organisms; Bacteria; Proteobacteria; Betaproteobacteria; Nitrosomonadales; ,R2_r_DShore_concoct.2	cellular organisms; Bacteria; Proteobacteria; Gammaproteobacteria; ,R2_r_DShore_concoct.21	cellular organisms; Bacteria; Proteobacteria; Gammaproteobacteria; ,R1_A_D1.concoct.54	cellular organisms; Bacteria; Proteobacteria; Gammaproteobacteria; ,SF2_B_H2O_metabat.39	cellular organisms; Bacteria; Proteobacteria; Gammaproteobacteria; ,R2A_B_H2O_metabat.10	cellular organisms; Bacteria; Proteobacteria; Gammaproteobacteria; ,R2_r_DShore_concoct.89	cellular organisms; Bacteria; Proteobacteria; Gammaproteobacteria; ,SF2_A_H2O_metabat.34	cellular organisms; Bacteria; Proteobacteria; Gammaproteobacteria; ,R2_r_DShore_metabat.23	cellular organisms; Bacteria; Proteobacteria; Gammaproteobacteria; ,R2_B_D2_concoct.124	cellular organisms; Bacteria; Proteobacteria; Gammaproteobacteria; ,SF2_B_H2O_concoct.91	cellular organisms; Bacteria; Proteobacteria; Gammaproteobacteria; ,SF2_B_H2O_metabat.11	cellular organisms; Bacteria; Proteobacteria; Gammaproteobacteria; ,R1_B_D2_maxbin.014	cellular organisms; Bacteria; Proteobacteria; Gammaproteobacteria; ,R2A_A_H2O_metabat.20	cellular organisms; Bacteria; Proteobacteria; Gammaproteobacteria; ,R2A_B_D2_concoct.37	cellular organisms; Bacteria; Proteobacteria; Gammaproteobacteria; ,R1_B_H2O_metabat.7	cellular organisms; Bacteria; Proteobacteria; Gammaproteobacteria; ,R2_A_D1_concoct.29	cellular organisms; Bacteria; Proteobacteria; Gammaproteobacteria; ,R2A_C_H2O_metabat.5	cellular organisms; Bacteria; Proteobacteria; Gammaproteobacteria; ,R2A_C_H2O_metabat.4	cellular organisms; Bacteria; Proteobacteria; Gammaproteobacteria; ,R2_B_D1_concoct.110	cellular organisms; Bacteria; Proteobacteria; Gammaproteobacteria; Alteromonadales; Alteromonadaceae; Marinobacter; ,R2_C_D1_concoct.65	cellular organisms; Bacteria; Proteobacteria; Gammaproteobacteria; Alteromonadales; Alteromonadaceae; Marinobacter; ,SF2_A_D2_concoct.55	cellular organisms; Bacteria; Proteobacteria; Gammaproteobacteria; Cellvibrionales; ,R2A_A_H2O_metabat.16	cellular organisms; Bacteria; Proteobacteria; Gammaproteobacteria; Cellvibrionales; Halieaceae; ,R1_A_H2O_maxbin.022	cellular organisms; Bacteria; Proteobacteria; Gammaproteobacteria; Chromatiales; Ectothiorhodospiraceae; ,R1_B_H2O_maxbin.028	cellular organisms; Bacteria; Proteobacteria; Gammaproteobacteria; Chromatiales; Ectothiorhodospiraceae; Spiribacter; ,R1_C_H2O_concoct.67	cellular organisms; Bacteria; Proteobacteria; Gammaproteobacteria; Chromatiales; Ectothiorhodospiraceae; Spiribacter; ,R1_C_H2O_metabat.23	cellular organisms; Bacteria; Proteobacteria; Gammaproteobacteria; Chromatiales; Ectothiorhodospiraceae; Spiribacter; ,R1_A_D1.metabat.45	cellular organisms; Bacteria; Proteobacteria; Gammaproteobacteria; Chromatiales; Ectothiorhodospiraceae; Thiohalospira; ,R1_B_H2O_concoct.22	cellular organisms; Bacteria; Proteobacteria; Gammaproteobacteria; Chromatiales; Halothiobacillaceae; Halothiobacillus; ,SF2_A_H2O_metabat.23	cellular organisms; Bacteria; Proteobacteria; Gammaproteobacteria; Oceanospirillales; ,R1_B_H2O_metabat.5	cellular organisms; Bacteria; Proteobacteria; Gammaproteobacteria; Oceanospirillales; Halomonadaceae; Halomonas; ,R1_A_D1.metabat.26	cellular organisms; Bacteria; Proteobacteria; Gammaproteobacteria; Oceanospirillales; Halomonadaceae; Halomonas; ,R2_C_D1_concoct.37	cellular organisms; Bacteria; Proteobacteria; delta/epsilon subdivisions; Deltaproteobacteria; ,R1_B_D2_metabat.30	cellular organisms; Bacteria; Proteobacteria; delta/epsilon subdivisions; Deltaproteobacteria; ,R2A_B_D2_metabat.6	cellular organisms; Bacteria; Proteobacteria; delta/epsilon subdivisions; Deltaproteobacteria; ,SF2_A_H2O_concoct.23	cellular organisms; Bacteria; Proteobacteria; delta/epsilon subdivisions; Deltaproteobacteria; ,SF2_A_D2_concoct.28	cellular organisms; Bacteria; Proteobacteria; delta/epsilon subdivisions; Deltaproteobacteria; ,SF2_A_D2_concoct.13	cellular organisms; Bacteria; Proteobacteria; delta/epsilon subdivisions; Deltaproteobacteria; ,R2A_C_D2_metabat.18	cellular organisms; Bacteria; Proteobacteria; delta/epsilon subdivisions; Deltaproteobacteria; ,SF2_A_D1_concoct.23	cellular organisms; Bacteria; Proteobacteria; delta/epsilon subdivisions; Deltaproteobacteria; Desulfobacterales; ,SF2_B_D1_metabat.9	cellular organisms; Bacteria; Proteobacteria; delta/epsilon subdivisions; Deltaproteobacteria; Desulfobacterales; ,R2_r_C_black_concoct.25	cellular organisms; Bacteria; Proteobacteria; delta/epsilon subdivisions; Deltaproteobacteria; Desulfobacterales; Desulfobacteraceae; ,R2_r_C_black_concoct.17	cellular organisms; Bacteria; Proteobacteria; delta/epsilon subdivisions; Deltaproteobacteria; Desulfobacterales; Desulfobacteraceae; ,R2_C_D1_maxbin.062	cellular organisms; Bacteria; Proteobacteria; delta/epsilon subdivisions; Deltaproteobacteria; Desulfobacterales; Desulfobacteraceae; ,R2_C_D1_concoct.95	cellular organisms; Bacteria; Proteobacteria; delta/epsilon subdivisions; Deltaproteobacteria; Desulfobacterales; Desulfobacteraceae; ,R1_C_D1_metabat.27	cellular organisms; Bacteria; Proteobacteria; delta/epsilon subdivisions; Deltaproteobacteria; Desulfobacterales; Desulfobacteraceae; Desulfobacter; ,R2A_C_D2_concoct.69	cellular organisms; Bacteria; Proteobacteria; delta/epsilon subdivisions; Deltaproteobacteria; Desulfuromonadales; ,R1_A_D1.concoct.44	cellular organisms; Bacteria; Proteobacteria; delta/epsilon subdivisions; Deltaproteobacteria; Desulfuromonadales; ,R2_B_D2_metabat.45	cellular organisms; Bacteria; Proteobacteria; delta/epsilon subdivisions; Deltaproteobacteria; Desulfuromonadales; ,R2A_C_D2_concoct.42	cellular organisms; Bacteria; Proteobacteria; delta/epsilon subdivisions; Deltaproteobacteria; Desulfuromonadales; ,SF2_C_D2_concoct.42	cellular organisms; Bacteria; Proteobacteria; delta/epsilon subdivisions; Deltaproteobacteria; Desulfuromonadales; ,SF2_A_H2O_metabat.14	cellular organisms; Bacteria; Proteobacteria; delta/epsilon subdivisions; Deltaproteobacteria; Desulfuromonadales; ,R2A_A_D1_concoct.51	cellular organisms; Bacteria; Proteobacteria; delta/epsilon subdivisions; Deltaproteobacteria; Desulfuromonadales; ,R2A_C_H2O_concoct.67	cellular organisms; Bacteria; Proteobacteria; delta/epsilon subdivisions; Epsilonproteobacteria; Campylobacterales; Campylobacteraceae; Arcobacter; ,SF2_C_D1_concoct.13	cellular organisms; Bacteria; Proteobacteria; delta/epsilon subdivisions; Epsilonproteobacteria; unclassified Epsilonproteobacteria; Sulfurovum; ,SF2_A_D2_concoct.11	cellular organisms; Bacteria; Proteobacteria; delta/epsilon subdivisions; Epsilonproteobacteria; unclassified Epsilonproteobacteria; Sulfurovum; ,R2A_A_D2_concoct.37	cellular organisms; Bacteria; Terrabacteria group; Actinobacteria; ,R2A_A_H2O_metabat.49	cellular organisms; Bacteria; Terrabacteria group; Actinobacteria; ,R2A_C_D2_concoct.10	cellular organisms; Bacteria; Terrabacteria group; Actinobacteria; ,R2A_C_D2_concoct.16	cellular organisms; Bacteria; Terrabacteria group; Actinobacteria; ,R2_B_D2_metabat.43	cellular organisms; Bacteria; Terrabacteria group; Actinobacteria; ,R2A_A_D1_metabat.17	cellular organisms; Bacteria; Terrabacteria group; Actinobacteria; ,R1_B_D1_metabat.16	cellular organisms; Bacteria; Terrabacteria group; Actinobacteria; ,R2_r_H2O_concoct.34	cellular organisms; Bacteria; Terrabacteria group; Actinobacteria; Actinobacteria; ,R2_r_H2O_concoct.44	cellular organisms; Bacteria; Terrabacteria group; Actinobacteria; Actinobacteria; ,R2_r_H2O_maxbin.002	cellular organisms; Bacteria; Terrabacteria group; Actinobacteria; Actinobacteria; ,R2_r_H2O_maxbin.017	cellular organisms; Bacteria; Terrabacteria group; Actinobacteria; Actinobacteria; ,R2_A_D1_maxbin.001	cellular organisms; Bacteria; Terrabacteria group; Actinobacteria; Actinobacteria; ,R1_B_H2O_concoct.19	cellular organisms; Bacteria; Terrabacteria group; Actinobacteria; Actinobacteria; ,R2A_B_H2O_concoct.69	cellular organisms; Bacteria; Terrabacteria group; Actinobacteria; Actinobacteria; ,R2A_A_D1_concoct.24	cellular organisms; Bacteria; Terrabacteria group; Actinobacteria; Actinobacteria; ,R2A_B_H2O_maxbin.029	cellular organisms; Bacteria; Terrabacteria group; Actinobacteria; Actinobacteria; Micrococcales; Microbacteriaceae; ,R2A_A_H2O_concoct.62	cellular organisms; Bacteria; Terrabacteria group; Actinobacteria; Actinobacteria; Micrococcales; Microbacteriaceae; ,SF2_B_H2O_concoct.14	cellular organisms; Bacteria; Terrabacteria group; Actinobacteria; Actinobacteria; Micrococcales; Microbacteriaceae; ,R2A_C_D2_concoct.45	cellular organisms; Bacteria; Terrabacteria group; Chloroflexi; ,R2A_A_D1_concoct.46	cellular organisms; Bacteria; Terrabacteria group; Chloroflexi; ,R1_C_D2_metabat.40	cellular organisms; Bacteria; Terrabacteria group; Firmicutes; ,R1_C_D2_concoct.85	cellular organisms; Bacteria; Terrabacteria group; Firmicutes; ,R1_C_D1_maxbin.047	cellular organisms; Bacteria; Terrabacteria group; Firmicutes; ,R1_A_D1.concoct.9	cellular organisms; Bacteria; Terrabacteria group; Firmicutes; ,R1_A_D1.metabat.47	cellular organisms; Bacteria; Terrabacteria group; Firmicutes; ,R1_A_D1.metabat.51	cellular organisms; Bacteria; Terrabacteria group; Firmicutes; ,R1_A_D2_concoct.1	cellular organisms; Bacteria; Terrabacteria group; Firmicutes; ,R1_A_D2_metabat.27	cellular organisms; Bacteria; Terrabacteria group; Firmicutes; ,R1_A_D2_metabat.48	cellular organisms; Bacteria; Terrabacteria group; Firmicutes; ,R1_A_D2_metabat.50	cellular organisms; Bacteria; Terrabacteria group; Firmicutes; ,R1_B_D2_metabat.63	cellular organisms; Bacteria; Terrabacteria group; Firmicutes; ,R1_A_D2_metabat.45	cellular organisms; Bacteria; Terrabacteria group; Firmicutes; Clostridia; Halanaerobiales; Halanaerobiaceae; Halanaerobium; ,R1_B_D1_concoct.59	cellular organisms; Bacteria; Terrabacteria group; Firmicutes; Clostridia; Halanaerobiales; Halanaerobiaceae; Halanaerobium; ,R1_B_D2_concoct.73	cellular organisms; Bacteria; Terrabacteria group; Firmicutes; Clostridia; Halanaerobiales; Halanaerobiaceae; Halanaerobium; 
CH4_cycling	CH3_Phosphonate	CH3_Phn,#34434f,0.0,0.0,0.0,0.0,0.0,0.0,0.0,0.0,0.0,0.0,0.0,0.0,0.0,0.0,0.0,1.0,0.0,0.0,0.0,0.0,0.0,0.0,1.0,0.0,0.0,0.0,0.0,0.0,0.0,0.0,0.0,0.0,0.0,0.0,0.0,0.0,0.0,0.0,0.0,0.0,0.0,0.0,0.0,0.0,0.0,0.0,0.0,0.0,0.0,0.0,0.0,0.0,0.0,0.0,0.0,0.0,0.0,0.0,0.0,0.0,0.0,0.0,0.0,0.0,0.0,0.0,0.0,0.0,0.0,0.0,0.0,0.0,0.0,0.0,0.0,0.0,0.0,0.0,0.0,0.0,0.0,0.0,0.0,0.0,0.0,0.0,0.0,0.0,0.0,0.0,0.0,0.0,0.0,0.0,0.0,0.0,0.0,0.0,0.0,0.0,0.0,0.0,0.0,0.0,0.0,0.0,0.0,0.0,0.0,0.0,0.0,0.0,1.0,1.0,1.0,0.0,0.0,0.0,0.0,0.0,1.0,0.0,1.0,0.0,2.0,1.0,1.0,3.0,1.0,0.0,0.0,1.0,1.0,1.0,1.0,2.0,1.0,1.0,0.0,0.0,0.0,0.0,0.0,0.0,0.0,0.0,0.0,0.0,0.0,0.0,0.0,0.0,0.0,0.0,0.0,0.0,0.0,0.0,0.0,0.0,0.0,0.0,0.0,0.0,0.0,0.0,0.0,0.0,0.0,0.0,0.0,0.0,0.0,0.0,0.0,0.0,0.0,0.0,0.0,0.0,0.0,0.0,1.0,0.0,1.0,0.0,0.0,0.0,0.0,0.0,0.0,0.0,0.0,0.0,0.0,0.0,0.0,0.0,0.0,0.0,0.0,0.0,0.0,0.0,0.0,0.0,0.0,0.0,0.0,0.0,0.0,0.0,0.0,0.0,0.0,0.0,0.0,0.0,0.0,0.0,0.0,0.0,0.0,0.0,0.0,0.0,0.0,0.0,0.0,0.0
CH4_cycling	CH4_Archaeal	CH4_Archa,#181818,0.0,0.0,3.0,0.0,0.0,1.0,0.0,0.0,1.0,1.0,0.0,0.0,0.0,0.0,0.0,0.0,0.0,0.0,0.0,0.0,0.0,0.0,0.0,12.0,1.0,0.0,0.0,0.0,0.0,0.0,0.0,0.0,0.0,0.0,0.0,0.0,0.0,0.0,0.0,0.0,7.0,3.0,0.0,0.0,0.0,0.0,0.0,0.0,2.0,0.0,2.0,0.0,0.0,0.0,0.0,0.0,0.0,0.0,0.0,0.0,0.0,0.0,0.0,0.0,0.0,0.0,0.0,0.0,0.0,0.0,0.0,0.0,0.0,0.0,0.0,0.0,0.0,3.0,0.0,0.0,12.0,9.0,0.0,0.0,0.0,0.0,0.0,9.0,0.0,0.0,0.0,0.0,0.0,0.0,6.0,0.0,0.0,0.0,0.0,0.0,17.0,0.0,0.0,0.0,16.0,0.0,0.0,2.0,0.0,0.0,0.0,0.0,0.0,0.0,0.0,0.0,0.0,0.0,0.0,0.0,0.0,0.0,0.0,0.0,0.0,0.0,0.0,0.0,0.0,0.0,0.0,0.0,0.0,0.0,0.0,0.0,0.0,0.0,5.0,0.0,0.0,5.0,7.0,5.0,0.0,0.0,0.0,0.0,0.0,0.0,0.0,0.0,0.0,0.0,0.0,0.0,0.0,0.0,0.0,0.0,0.0,0.0,0.0,0.0,0.0,0.0,0.0,5.0,0.0,0.0,0.0,0.0,8.0,0.0,22.0,0.0,21.0,30.0,28.0,8.0,21.0,17.0,14.0,17.0,12.0,2.0,0.0,0.0,0.0,0.0,0.0,0.0,0.0,0.0,0.0,0.0,0.0,0.0,0.0,1.0,1.0,0.0,0.0,0.0,0.0,0.0,0.0,0.0,0.0,0.0,0.0,0.0,0.0,0.0,5.0,6.0,3.0,0.0,0.0,0.0,0.0,0.0,4.0,0.0,0.0,0.0,0.0,0.0,0.0,0.0
CH4_cycling	CH4_H2_reduction	CH4_H2.red,#b0b0b0,2.0,2.0,2.0,2.0,3.0,3.0,2.0,2.0,2.0,4.0,2.0,2.0,2.0,2.0,2.0,2.0,2.0,2.0,2.0,1.0,2.0,2.0,2.0,16.0,0.0,0.0,0.0,0.0,0.0,0.0,0.0,0.0,0.0,0.0,0.0,0.0,1.0,0.0,0.0,0.0,1.0,0.0,0.0,0.0,0.0,0.0,0.0,1.0,0.0,0.0,0.0,1.0,0.0,0.0,0.0,0.0,0.0,0.0,0.0,0.0,0.0,0.0,0.0,0.0,0.0,0.0,0.0,0.0,0.0,0.0,0.0,0.0,0.0,4.0,5.0,0.0,0.0,2.0,0.0,0.0,0.0,1.0,0.0,0.0,0.0,0.0,0.0,5.0,0.0,0.0,0.0,0.0,0.0,0.0,0.0,0.0,0.0,0.0,0.0,0.0,0.0,0.0,10.0,0.0,1.0,0.0,0.0,0.0,0.0,0.0,0.0,0.0,0.0,0.0,0.0,0.0,0.0,0.0,0.0,0.0,0.0,0.0,0.0,0.0,0.0,0.0,0.0,0.0,0.0,0.0,0.0,0.0,0.0,0.0,0.0,0.0,0.0,0.0,1.0,0.0,0.0,0.0,2.0,0.0,0.0,0.0,0.0,0.0,0.0,0.0,0.0,0.0,0.0,0.0,13.0,0.0,0.0,0.0,0.0,0.0,0.0,0.0,0.0,0.0,0.0,0.0,0.0,0.0,0.0,0.0,0.0,0.0,0.0,0.0,2.0,0.0,3.0,3.0,0.0,2.0,7.0,2.0,3.0,1.0,3.0,2.0,0.0,0.0,0.0,0.0,0.0,0.0,1.0,0.0,0.0,0.0,0.0,0.0,0.0,2.0,1.0,0.0,1.0,0.0,0.0,0.0,0.0,0.0,0.0,0.0,0.0,0.0,0.0,0.0,1.0,2.0,0.0,0.0,0.0,0.0,0.0,0.0,0.0,0.0,0.0,0.0,1.0,7.0,6.0,4.0
CH4_cycling	CH4_acetate	CH4_acetat,#7e7e7e,2.0,1.0,6.0,2.0,4.0,3.0,3.0,3.0,7.0,2.0,1.0,3.0,4.0,4.0,2.0,1.0,1.0,3.0,1.0,3.0,4.0,4.0,8.0,6.0,1.0,2.0,3.0,4.0,3.0,6.0,1.0,4.0,3.0,3.0,2.0,1.0,4.0,1.0,2.0,1.0,4.0,3.0,4.0,1.0,1.0,1.0,1.0,3.0,2.0,2.0,4.0,2.0,2.0,2.0,1.0,1.0,3.0,1.0,0.0,2.0,4.0,4.0,0.0,1.0,3.0,3.0,3.0,3.0,1.0,1.0,1.0,1.0,3.0,1.0,5.0,1.0,1.0,2.0,0.0,4.0,4.0,6.0,3.0,1.0,2.0,4.0,4.0,4.0,1.0,2.0,1.0,2.0,1.0,2.0,2.0,4.0,3.0,4.0,6.0,3.0,4.0,1.0,4.0,2.0,4.0,5.0,6.0,5.0,5.0,5.0,2.0,5.0,4.0,5.0,4.0,5.0,4.0,2.0,3.0,4.0,6.0,7.0,6.0,8.0,9.0,6.0,7.0,9.0,4.0,5.0,5.0,7.0,4.0,3.0,6.0,6.0,8.0,12.0,7.0,3.0,1.0,1.0,2.0,1.0,1.0,1.0,2.0,2.0,3.0,1.0,1.0,2.0,2.0,3.0,2.0,2.0,1.0,1.0,1.0,4.0,4.0,1.0,4.0,1.0,1.0,1.0,1.0,2.0,3.0,5.0,6.0,4.0,5.0,2.0,2.0,2.0,2.0,3.0,6.0,2.0,5.0,7.0,6.0,4.0,5.0,6.0,4.0,3.0,2.0,2.0,2.0,2.0,3.0,2.0,3.0,1.0,2.0,1.0,3.0,5.0,4.0,3.0,4.0,1.0,1.0,2.0,1.0,1.0,1.0,1.0,3.0,2.0,2.0,2.0,1.0,1.0,2.0,1.0,2.0,0.0,2.0,2.0,2.0,2.0,1.0,2.0,2.0,8.0,7.0,4.0
CH4_cycling	CH4_methylotroph	CH4_methanol,#515151,0.0,0.0,0.0,0.0,0.0,0.0,0.0,0.0,0.0,0.0,0.0,0.0,0.0,0.0,0.0,0.0,0.0,0.0,0.0,0.0,0.0,0.0,0.0,3.0,0.0,0.0,0.0,0.0,0.0,0.0,0.0,0.0,0.0,0.0,0.0,0.0,0.0,0.0,0.0,0.0,0.0,0.0,0.0,0.0,0.0,0.0,0.0,0.0,0.0,0.0,1.0,0.0,0.0,0.0,0.0,0.0,0.0,0.0,0.0,0.0,0.0,0.0,0.0,0.0,0.0,0.0,0.0,0.0,0.0,0.0,0.0,0.0,0.0,0.0,0.0,0.0,0.0,0.0,0.0,0.0,0.0,0.0,0.0,0.0,0.0,0.0,0.0,0.0,0.0,0.0,0.0,0.0,0.0,0.0,0.0,0.0,0.0,0.0,0.0,0.0,1.0,0.0,0.0,0.0,0.0,0.0,0.0,0.0,0.0,0.0,0.0,0.0,0.0,0.0,0.0,0.0,0.0,0.0,0.0,0.0,0.0,0.0,0.0,0.0,0.0,0.0,0.0,0.0,0.0,0.0,0.0,0.0,0.0,0.0,0.0,0.0,0.0,0.0,0.0,0.0,0.0,0.0,0.0,0.0,0.0,0.0,0.0,0.0,0.0,0.0,0.0,0.0,0.0,0.0,0.0,0.0,0.0,0.0,0.0,0.0,0.0,0.0,0.0,0.0,0.0,0.0,0.0,0.0,0.0,0.0,0.0,0.0,0.0,0.0,0.0,0.0,0.0,0.0,6.0,0.0,0.0,0.0,0.0,0.0,0.0,0.0,0.0,0.0,0.0,0.0,0.0,0.0,0.0,0.0,0.0,0.0,0.0,0.0,0.0,0.0,0.0,0.0,0.0,0.0,0.0,0.0,0.0,0.0,0.0,0.0,0.0,0.0,0.0,0.0,0.0,0.0,0.0,0.0,0.0,0.0,0.0,0.0,0.0,0.0,0.0,0.0,0.0,0.0,0.0,0.0
CH4_cycling	CH4_methylotroph	CH4_methylam,#515151,0.0,0.0,0.0,0.0,0.0,0.0,0.0,0.0,0.0,0.0,0.0,0.0,0.0,0.0,0.0,0.0,0.0,0.0,0.0,0.0,0.0,0.0,0.0,8.0,0.0,0.0,0.0,0.0,0.0,0.0,0.0,0.0,0.0,0.0,0.0,0.0,0.0,0.0,0.0,0.0,0.0,0.0,0.0,0.0,0.0,0.0,0.0,0.0,2.0,0.0,0.0,0.0,0.0,0.0,0.0,0.0,0.0,0.0,0.0,0.0,0.0,0.0,0.0,0.0,0.0,0.0,0.0,0.0,0.0,0.0,0.0,0.0,0.0,0.0,0.0,0.0,0.0,2.0,4.0,0.0,4.0,4.0,0.0,0.0,0.0,0.0,0.0,0.0,0.0,0.0,0.0,0.0,0.0,0.0,0.0,1.0,0.0,0.0,0.0,0.0,4.0,0.0,0.0,0.0,5.0,8.0,0.0,0.0,0.0,0.0,2.0,7.0,0.0,2.0,2.0,3.0,2.0,9.0,6.0,2.0,7.0,2.0,4.0,8.0,2.0,3.0,7.0,3.0,4.0,2.0,6.0,6.0,6.0,3.0,5.0,3.0,4.0,4.0,0.0,0.0,0.0,0.0,0.0,0.0,0.0,0.0,6.0,0.0,4.0,0.0,0.0,0.0,0.0,0.0,0.0,4.0,0.0,2.0,0.0,0.0,0.0,0.0,0.0,0.0,0.0,0.0,0.0,0.0,0.0,0.0,1.0,0.0,0.0,0.0,5.0,0.0,4.0,3.0,1.0,0.0,6.0,2.0,14.0,6.0,18.0,0.0,0.0,0.0,0.0,0.0,0.0,0.0,0.0,0.0,0.0,0.0,0.0,0.0,0.0,2.0,0.0,0.0,0.0,0.0,1.0,1.0,1.0,1.0,0.0,0.0,0.0,0.0,0.0,0.0,0.0,5.0,6.0,2.0,0.0,0.0,1.0,0.0,9.0,0.0,0.0,0.0,8.0,0.0,0.0,0.0
CH4_cycling	CH4_oxidation	CH4_ox,#d9d9d9,0.0,0.0,0.0,0.0,0.0,0.0,0.0,0.0,0.0,0.0,0.0,0.0,0.0,0.0,0.0,0.0,0.0,0.0,0.0,0.0,0.0,0.0,0.0,0.0,3.0,3.0,0.0,0.0,0.0,0.0,0.0,0.0,0.0,0.0,0.0,0.0,0.0,0.0,0.0,0.0,0.0,0.0,0.0,0.0,0.0,0.0,0.0,0.0,0.0,0.0,0.0,0.0,0.0,0.0,0.0,0.0,0.0,0.0,0.0,0.0,0.0,0.0,0.0,0.0,0.0,0.0,0.0,0.0,0.0,0.0,0.0,0.0,0.0,0.0,0.0,0.0,0.0,0.0,0.0,0.0,0.0,0.0,0.0,0.0,0.0,0.0,0.0,0.0,0.0,0.0,0.0,0.0,0.0,0.0,0.0,0.0,0.0,0.0,0.0,0.0,0.0,0.0,0.0,0.0,0.0,0.0,0.0,0.0,0.0,0.0,0.0,0.0,0.0,0.0,0.0,0.0,0.0,0.0,0.0,0.0,0.0,0.0,0.0,0.0,0.0,0.0,0.0,0.0,0.0,0.0,0.0,0.0,0.0,0.0,0.0,0.0,0.0,0.0,0.0,0.0,0.0,0.0,0.0,0.0,0.0,0.0,0.0,0.0,0.0,0.0,0.0,0.0,0.0,0.0,0.0,0.0,0.0,0.0,0.0,0.0,0.0,0.0,0.0,0.0,0.0,0.0,0.0,0.0,0.0,0.0,0.0,0.0,0.0,0.0,0.0,0.0,0.0,0.0,0.0,0.0,0.0,0.0,0.0,0.0,0.0,0.0,0.0,0.0,0.0,0.0,0.0,0.0,0.0,0.0,0.0,0.0,0.0,0.0,0.0,0.0,0.0,0.0,0.0,0.0,0.0,0.0,0.0,0.0,0.0,0.0,0.0,0.0,0.0,0.0,0.0,0.0,0.0,0.0,0.0,0.0,0.0,0.0,0.0,0.0,0.0,0.0,0.0,0.0,0.0,0.0
Carbon 	Aromatic	C_arom_BTEX,#5f3230,0.0,1.0,2.0,0.0,1.0,2.0,1.0,4.0,4.0,0.0,1.0,1.0,1.0,0.0,1.0,1.0,1.0,1.0,2.0,1.0,1.0,1.0,2.0,0.0,0.0,0.0,0.0,0.0,0.0,0.0,2.0,0.0,0.0,0.0,1.0,1.0,0.0,0.0,0.0,1.0,0.0,0.0,0.0,1.0,2.0,1.0,1.0,0.0,0.0,0.0,0.0,0.0,0.0,0.0,0.0,0.0,1.0,0.0,0.0,0.0,2.0,0.0,1.0,1.0,0.0,1.0,0.0,1.0,0.0,0.0,0.0,0.0,0.0,0.0,0.0,1.0,2.0,0.0,2.0,0.0,1.0,0.0,3.0,1.0,1.0,5.0,1.0,0.0,2.0,1.0,1.0,2.0,3.0,0.0,1.0,1.0,2.0,1.0,3.0,1.0,1.0,1.0,4.0,1.0,0.0,1.0,2.0,0.0,2.0,0.0,0.0,0.0,2.0,3.0,0.0,4.0,1.0,1.0,0.0,1.0,1.0,1.0,0.0,1.0,0.0,1.0,0.0,0.0,3.0,2.0,1.0,2.0,0.0,1.0,1.0,1.0,0.0,1.0,2.0,0.0,0.0,1.0,1.0,1.0,1.0,0.0,0.0,0.0,0.0,1.0,3.0,1.0,1.0,0.0,1.0,0.0,0.0,0.0,0.0,0.0,1.0,1.0,1.0,0.0,0.0,0.0,0.0,1.0,0.0,0.0,0.0,2.0,1.0,1.0,1.0,0.0,0.0,1.0,5.0,1.0,1.0,0.0,2.0,0.0,1.0,1.0,1.0,1.0,0.0,1.0,1.0,0.0,0.0,0.0,0.0,0.0,3.0,0.0,1.0,7.0,0.0,1.0,1.0,0.0,1.0,3.0,0.0,1.0,0.0,0.0,0.0,0.0,0.0,0.0,0.0,0.0,0.0,1.0,0.0,1.0,0.0,0.0,1.0,0.0,0.0,0.0,0.0,0.0,0.0,0.0
Carbon 	Aromatic	C_arom_PAH,#5f3230,1.0,2.0,1.0,1.0,1.0,0.0,1.0,1.0,1.0,1.0,1.0,1.0,2.0,1.0,1.0,2.0,1.0,1.0,1.0,1.0,1.0,2.0,1.0,0.0,0.0,0.0,1.0,3.0,1.0,1.0,4.0,1.0,1.0,1.0,0.0,1.0,4.0,1.0,0.0,2.0,2.0,2.0,2.0,0.0,0.0,0.0,2.0,2.0,1.0,1.0,1.0,2.0,2.0,1.0,0.0,0.0,1.0,0.0,0.0,0.0,1.0,1.0,1.0,1.0,0.0,3.0,1.0,1.0,0.0,2.0,1.0,1.0,2.0,1.0,2.0,2.0,3.0,0.0,3.0,0.0,0.0,0.0,1.0,2.0,2.0,6.0,3.0,0.0,1.0,0.0,2.0,0.0,0.0,0.0,0.0,0.0,2.0,0.0,3.0,0.0,0.0,0.0,3.0,2.0,0.0,7.0,3.0,0.0,8.0,0.0,1.0,0.0,3.0,4.0,4.0,5.0,2.0,4.0,2.0,6.0,2.0,2.0,1.0,3.0,2.0,5.0,1.0,4.0,6.0,4.0,4.0,4.0,4.0,3.0,1.0,2.0,1.0,3.0,3.0,0.0,0.0,0.0,0.0,0.0,1.0,0.0,0.0,0.0,2.0,0.0,5.0,0.0,0.0,2.0,0.0,0.0,2.0,1.0,3.0,2.0,1.0,1.0,0.0,0.0,0.0,0.0,0.0,0.0,0.0,1.0,1.0,1.0,0.0,1.0,0.0,1.0,0.0,0.0,1.0,1.0,0.0,0.0,0.0,0.0,0.0,1.0,1.0,1.0,1.0,1.0,1.0,1.0,1.0,0.0,0.0,0.0,0.0,1.0,0.0,4.0,0.0,2.0,1.0,1.0,1.0,1.0,1.0,1.0,2.0,1.0,3.0,1.0,3.0,1.0,0.0,2.0,1.0,1.0,1.0,1.0,1.0,1.0,1.0,1.0,1.0,1.0,1.0,1.0,1.0,2.0
Carbon 	Aromatic	C_arom_carbox,#5f3230,1.0,1.0,5.0,1.0,1.0,4.0,1.0,1.0,4.0,4.0,2.0,1.0,1.0,3.0,2.0,1.0,2.0,1.0,1.0,2.0,2.0,2.0,4.0,1.0,0.0,0.0,5.0,3.0,5.0,4.0,4.0,3.0,3.0,2.0,3.0,4.0,1.0,4.0,2.0,5.0,1.0,5.0,3.0,6.0,5.0,4.0,6.0,4.0,1.0,1.0,5.0,3.0,3.0,2.0,2.0,3.0,4.0,2.0,3.0,3.0,4.0,5.0,4.0,4.0,3.0,7.0,4.0,5.0,1.0,6.0,5.0,3.0,6.0,2.0,2.0,3.0,11.0,1.0,6.0,4.0,2.0,2.0,1.0,3.0,5.0,8.0,2.0,1.0,5.0,3.0,3.0,3.0,5.0,1.0,2.0,6.0,5.0,8.0,11.0,3.0,2.0,4.0,7.0,3.0,3.0,10.0,3.0,1.0,4.0,7.0,6.0,6.0,6.0,8.0,4.0,8.0,4.0,12.0,3.0,8.0,4.0,3.0,3.0,6.0,7.0,9.0,5.0,10.0,7.0,5.0,5.0,6.0,8.0,7.0,6.0,5.0,5.0,7.0,9.0,1.0,1.0,1.0,1.0,2.0,2.0,3.0,4.0,3.0,5.0,3.0,4.0,4.0,5.0,4.0,1.0,5.0,5.0,3.0,4.0,3.0,3.0,5.0,5.0,3.0,3.0,3.0,2.0,1.0,3.0,2.0,6.0,9.0,1.0,3.0,2.0,1.0,2.0,4.0,2.0,2.0,3.0,4.0,4.0,4.0,3.0,4.0,4.0,2.0,2.0,3.0,2.0,1.0,2.0,2.0,3.0,2.0,2.0,1.0,2.0,5.0,1.0,3.0,1.0,2.0,4.0,3.0,1.0,2.0,1.0,1.0,2.0,1.0,2.0,1.0,4.0,3.0,3.0,3.0,4.0,2.0,3.0,5.0,2.0,3.0,5.0,3.0,1.0,1.0,3.0,1.0
Carbon 	Aromatic	C_arom_nitro,#5f3230,0.0,0.0,1.0,0.0,0.0,0.0,0.0,0.0,0.0,0.0,0.0,0.0,0.0,0.0,0.0,0.0,0.0,0.0,0.0,0.0,0.0,0.0,0.0,0.0,0.0,0.0,0.0,0.0,0.0,0.0,0.0,0.0,0.0,0.0,2.0,0.0,0.0,0.0,0.0,1.0,0.0,0.0,0.0,2.0,1.0,2.0,0.0,0.0,0.0,0.0,0.0,0.0,0.0,0.0,0.0,0.0,2.0,0.0,0.0,0.0,1.0,1.0,1.0,1.0,1.0,2.0,0.0,1.0,0.0,1.0,1.0,1.0,1.0,0.0,0.0,3.0,0.0,0.0,1.0,1.0,0.0,0.0,1.0,0.0,0.0,5.0,1.0,0.0,1.0,1.0,0.0,0.0,3.0,0.0,0.0,1.0,1.0,1.0,5.0,1.0,0.0,1.0,2.0,0.0,0.0,2.0,0.0,0.0,0.0,0.0,1.0,1.0,1.0,1.0,0.0,1.0,0.0,1.0,0.0,0.0,1.0,0.0,1.0,1.0,0.0,2.0,1.0,1.0,2.0,1.0,1.0,1.0,1.0,1.0,1.0,0.0,1.0,2.0,3.0,0.0,0.0,0.0,0.0,0.0,0.0,0.0,0.0,0.0,0.0,0.0,0.0,0.0,0.0,0.0,0.0,0.0,1.0,0.0,0.0,0.0,1.0,0.0,0.0,0.0,0.0,0.0,0.0,0.0,0.0,0.0,0.0,1.0,0.0,0.0,0.0,0.0,0.0,0.0,0.0,0.0,0.0,0.0,0.0,0.0,0.0,0.0,0.0,0.0,0.0,0.0,0.0,0.0,0.0,0.0,0.0,0.0,0.0,0.0,0.0,0.0,0.0,0.0,1.0,0.0,1.0,3.0,0.0,0.0,0.0,0.0,0.0,0.0,0.0,0.0,0.0,0.0,0.0,0.0,0.0,0.0,0.0,0.0,0.0,0.0,0.0,0.0,0.0,0.0,0.0,0.0
Carbon 	Aromatic	C_arom_other,#5f3230,1.0,3.0,3.0,1.0,2.0,5.0,2.0,2.0,7.0,0.0,11.0,3.0,2.0,3.0,2.0,1.0,1.0,3.0,1.0,2.0,2.0,1.0,3.0,1.0,0.0,0.0,4.0,6.0,3.0,1.0,3.0,0.0,2.0,2.0,2.0,4.0,3.0,2.0,4.0,6.0,3.0,1.0,3.0,2.0,2.0,2.0,1.0,2.0,1.0,1.0,2.0,1.0,1.0,3.0,5.0,2.0,2.0,4.0,1.0,6.0,4.0,4.0,3.0,2.0,3.0,3.0,2.0,2.0,3.0,3.0,3.0,2.0,3.0,3.0,2.0,4.0,4.0,0.0,6.0,4.0,1.0,3.0,6.0,1.0,4.0,5.0,7.0,2.0,2.0,2.0,4.0,0.0,5.0,1.0,0.0,4.0,3.0,3.0,11.0,4.0,0.0,2.0,3.0,2.0,0.0,7.0,5.0,5.0,7.0,2.0,3.0,3.0,3.0,13.0,2.0,8.0,3.0,10.0,4.0,3.0,5.0,3.0,2.0,6.0,4.0,7.0,1.0,6.0,7.0,6.0,8.0,7.0,4.0,6.0,17.0,7.0,8.0,10.0,4.0,0.0,0.0,0.0,0.0,0.0,0.0,0.0,4.0,0.0,2.0,4.0,6.0,3.0,4.0,1.0,0.0,1.0,2.0,3.0,2.0,1.0,5.0,4.0,6.0,0.0,0.0,0.0,0.0,0.0,0.0,1.0,0.0,2.0,0.0,0.0,0.0,0.0,0.0,1.0,2.0,0.0,1.0,2.0,1.0,0.0,3.0,0.0,1.0,1.0,1.0,1.0,0.0,0.0,0.0,0.0,0.0,0.0,2.0,1.0,3.0,5.0,1.0,2.0,4.0,1.0,2.0,5.0,1.0,2.0,0.0,1.0,0.0,0.0,0.0,0.0,1.0,3.0,0.0,3.0,0.0,4.0,2.0,0.0,2.0,2.0,0.0,0.0,2.0,1.0,1.0,0.0
Carbon 	Polymers	C_poly_cellul,#b8302a,0.0,1.0,0.0,0.0,0.0,0.0,0.0,0.0,0.0,0.0,0.0,0.0,0.0,0.0,0.0,0.0,0.0,0.0,1.0,0.0,0.0,0.0,0.0,0.0,0.0,0.0,1.0,0.0,0.0,2.0,3.0,0.0,0.0,0.0,0.0,1.0,3.0,0.0,0.0,0.0,2.0,11.0,4.0,0.0,0.0,0.0,3.0,11.0,0.0,0.0,2.0,7.0,4.0,0.0,0.0,0.0,1.0,0.0,0.0,0.0,2.0,0.0,0.0,0.0,0.0,0.0,0.0,0.0,0.0,0.0,0.0,0.0,0.0,0.0,1.0,0.0,0.0,0.0,0.0,1.0,0.0,0.0,0.0,0.0,0.0,0.0,0.0,0.0,0.0,0.0,0.0,0.0,0.0,0.0,0.0,0.0,0.0,0.0,0.0,0.0,0.0,0.0,0.0,0.0,0.0,0.0,0.0,0.0,0.0,0.0,0.0,0.0,0.0,0.0,0.0,0.0,0.0,0.0,0.0,0.0,0.0,0.0,0.0,0.0,0.0,0.0,0.0,1.0,0.0,0.0,0.0,0.0,0.0,0.0,0.0,0.0,0.0,0.0,0.0,0.0,0.0,0.0,0.0,0.0,0.0,0.0,0.0,0.0,0.0,0.0,0.0,0.0,0.0,0.0,0.0,0.0,0.0,0.0,0.0,0.0,0.0,0.0,0.0,0.0,0.0,0.0,0.0,0.0,0.0,0.0,0.0,0.0,0.0,0.0,0.0,0.0,0.0,0.0,0.0,0.0,0.0,0.0,0.0,0.0,0.0,0.0,0.0,0.0,0.0,0.0,0.0,0.0,0.0,0.0,0.0,0.0,0.0,0.0,0.0,0.0,1.0,0.0,0.0,0.0,1.0,0.0,0.0,0.0,0.0,0.0,0.0,0.0,0.0,0.0,1.0,0.0,0.0,0.0,0.0,0.0,0.0,0.0,0.0,0.0,0.0,0.0,0.0,0.0,0.0,0.0
Carbon 	Polymers	C_poly_chitin,#b8302a,0.0,0.0,0.0,0.0,0.0,0.0,0.0,0.0,0.0,0.0,0.0,0.0,0.0,0.0,0.0,0.0,0.0,0.0,0.0,0.0,0.0,0.0,0.0,0.0,0.0,0.0,1.0,0.0,0.0,0.0,2.0,0.0,2.0,0.0,0.0,1.0,1.0,0.0,0.0,1.0,1.0,0.0,0.0,0.0,0.0,0.0,0.0,0.0,0.0,0.0,0.0,1.0,1.0,0.0,0.0,0.0,0.0,0.0,0.0,0.0,0.0,2.0,0.0,0.0,2.0,0.0,0.0,0.0,1.0,2.0,0.0,0.0,0.0,1.0,1.0,1.0,0.0,0.0,0.0,1.0,0.0,0.0,0.0,0.0,0.0,0.0,0.0,1.0,0.0,0.0,0.0,0.0,1.0,0.0,0.0,1.0,0.0,0.0,0.0,0.0,0.0,0.0,0.0,0.0,0.0,0.0,0.0,0.0,0.0,0.0,0.0,0.0,0.0,0.0,0.0,2.0,2.0,1.0,1.0,2.0,0.0,2.0,0.0,0.0,2.0,2.0,0.0,2.0,2.0,2.0,0.0,0.0,0.0,0.0,0.0,0.0,0.0,0.0,0.0,0.0,0.0,0.0,0.0,0.0,0.0,2.0,0.0,0.0,0.0,1.0,0.0,0.0,0.0,0.0,0.0,0.0,0.0,0.0,0.0,0.0,0.0,1.0,0.0,0.0,0.0,0.0,0.0,0.0,0.0,2.0,0.0,0.0,0.0,1.0,0.0,0.0,0.0,0.0,0.0,0.0,0.0,0.0,0.0,0.0,0.0,0.0,0.0,0.0,0.0,0.0,0.0,0.0,0.0,0.0,1.0,1.0,0.0,0.0,0.0,1.0,0.0,0.0,2.0,0.0,0.0,0.0,0.0,0.0,1.0,0.0,1.0,0.0,0.0,0.0,0.0,0.0,1.0,0.0,0.0,0.0,1.0,0.0,1.0,1.0,0.0,0.0,0.0,1.0,1.0,1.0
Carbon 	Polymers	C_poly_hemi,#b8302a,0.0,0.0,0.0,0.0,0.0,0.0,0.0,0.0,0.0,0.0,0.0,0.0,0.0,0.0,0.0,0.0,0.0,0.0,0.0,0.0,0.0,0.0,0.0,0.0,0.0,0.0,0.0,0.0,0.0,0.0,0.0,0.0,1.0,0.0,0.0,0.0,3.0,0.0,0.0,0.0,0.0,3.0,1.0,0.0,0.0,0.0,1.0,1.0,0.0,0.0,1.0,0.0,1.0,0.0,0.0,0.0,0.0,0.0,0.0,0.0,1.0,3.0,0.0,0.0,0.0,0.0,0.0,0.0,0.0,0.0,0.0,0.0,0.0,0.0,0.0,0.0,0.0,0.0,0.0,0.0,0.0,0.0,0.0,0.0,0.0,0.0,0.0,0.0,0.0,0.0,0.0,0.0,0.0,0.0,0.0,0.0,0.0,0.0,0.0,0.0,0.0,0.0,0.0,0.0,0.0,0.0,0.0,0.0,0.0,0.0,0.0,0.0,0.0,0.0,0.0,0.0,0.0,0.0,0.0,0.0,0.0,0.0,0.0,0.0,0.0,0.0,0.0,0.0,0.0,0.0,0.0,0.0,0.0,0.0,0.0,0.0,0.0,0.0,0.0,0.0,0.0,0.0,0.0,0.0,0.0,0.0,0.0,0.0,0.0,0.0,0.0,0.0,0.0,0.0,0.0,0.0,0.0,0.0,0.0,0.0,0.0,1.0,0.0,0.0,0.0,0.0,0.0,0.0,0.0,0.0,0.0,0.0,0.0,0.0,0.0,0.0,0.0,0.0,0.0,0.0,0.0,0.0,0.0,0.0,0.0,0.0,0.0,0.0,0.0,0.0,0.0,0.0,0.0,0.0,0.0,0.0,0.0,0.0,0.0,0.0,0.0,0.0,0.0,0.0,0.0,0.0,0.0,0.0,0.0,0.0,0.0,0.0,0.0,0.0,1.0,0.0,0.0,0.0,0.0,0.0,0.0,0.0,0.0,0.0,0.0,0.0,0.0,0.0,0.0,0.0
Carbon 	Polymers	C_poly_lignin,#b8302a,0.0,0.0,0.0,0.0,0.0,0.0,0.0,0.0,0.0,0.0,0.0,0.0,0.0,0.0,0.0,0.0,0.0,0.0,0.0,0.0,0.0,0.0,0.0,0.0,0.0,0.0,0.0,0.0,0.0,0.0,0.0,0.0,0.0,0.0,0.0,0.0,0.0,0.0,0.0,0.0,0.0,0.0,0.0,0.0,0.0,0.0,0.0,0.0,0.0,0.0,0.0,0.0,0.0,0.0,0.0,0.0,0.0,0.0,0.0,0.0,0.0,0.0,0.0,0.0,0.0,0.0,0.0,0.0,0.0,0.0,0.0,0.0,0.0,0.0,0.0,0.0,4.0,0.0,0.0,0.0,0.0,0.0,0.0,0.0,0.0,6.0,0.0,0.0,0.0,0.0,0.0,0.0,0.0,0.0,0.0,0.0,0.0,1.0,0.0,0.0,0.0,0.0,3.0,0.0,0.0,0.0,1.0,0.0,6.0,0.0,0.0,1.0,0.0,0.0,0.0,0.0,0.0,0.0,0.0,0.0,0.0,0.0,0.0,0.0,0.0,1.0,0.0,0.0,1.0,0.0,0.0,0.0,0.0,0.0,0.0,0.0,0.0,0.0,0.0,0.0,0.0,0.0,0.0,0.0,0.0,0.0,0.0,0.0,0.0,0.0,5.0,0.0,0.0,6.0,0.0,0.0,0.0,0.0,6.0,0.0,0.0,0.0,0.0,0.0,0.0,0.0,0.0,0.0,0.0,0.0,0.0,0.0,0.0,0.0,0.0,0.0,0.0,0.0,0.0,0.0,0.0,0.0,0.0,0.0,0.0,0.0,0.0,0.0,0.0,0.0,0.0,0.0,0.0,0.0,0.0,0.0,0.0,0.0,0.0,0.0,0.0,1.0,0.0,0.0,0.0,0.0,0.0,0.0,1.0,0.0,0.0,0.0,0.0,0.0,0.0,0.0,0.0,0.0,0.0,0.0,0.0,0.0,0.0,0.0,0.0,0.0,0.0,0.0,0.0,0.0
Carbon 	Polymers	C_poly_pectin,#b8302a,0.0,0.0,0.0,0.0,0.0,0.0,0.0,0.0,0.0,0.0,0.0,0.0,0.0,0.0,0.0,0.0,0.0,0.0,0.0,0.0,0.0,0.0,0.0,0.0,0.0,0.0,0.0,0.0,0.0,0.0,1.0,0.0,1.0,0.0,0.0,0.0,3.0,0.0,0.0,0.0,1.0,3.0,1.0,0.0,0.0,0.0,1.0,1.0,0.0,0.0,10.0,1.0,1.0,0.0,0.0,0.0,1.0,0.0,0.0,0.0,4.0,2.0,0.0,0.0,1.0,0.0,0.0,1.0,1.0,0.0,1.0,0.0,0.0,1.0,1.0,0.0,0.0,0.0,0.0,0.0,0.0,0.0,0.0,0.0,0.0,0.0,0.0,0.0,0.0,0.0,0.0,1.0,0.0,0.0,0.0,0.0,0.0,0.0,0.0,0.0,0.0,0.0,0.0,0.0,0.0,0.0,0.0,0.0,0.0,0.0,0.0,0.0,0.0,0.0,0.0,0.0,0.0,0.0,0.0,0.0,0.0,0.0,0.0,0.0,0.0,1.0,0.0,0.0,1.0,0.0,1.0,0.0,0.0,0.0,0.0,0.0,1.0,0.0,0.0,0.0,0.0,0.0,0.0,0.0,0.0,0.0,0.0,0.0,0.0,0.0,0.0,0.0,0.0,0.0,0.0,0.0,0.0,0.0,0.0,0.0,0.0,0.0,0.0,0.0,0.0,0.0,0.0,0.0,0.0,0.0,0.0,0.0,0.0,0.0,0.0,0.0,0.0,0.0,0.0,0.0,0.0,0.0,0.0,0.0,0.0,0.0,0.0,0.0,0.0,0.0,0.0,0.0,0.0,0.0,0.0,0.0,0.0,0.0,0.0,0.0,0.0,0.0,0.0,0.0,0.0,0.0,0.0,0.0,0.0,0.0,0.0,0.0,0.0,0.0,0.0,0.0,0.0,0.0,0.0,0.0,0.0,0.0,0.0,0.0,0.0,0.0,0.0,0.0,0.0,0.0
Carbon 	Polymers	C_poly_starch,#b8302a,0.0,2.0,0.0,1.0,0.0,0.0,2.0,0.0,2.0,0.0,2.0,2.0,0.0,0.0,0.0,0.0,0.0,1.0,3.0,0.0,0.0,2.0,0.0,2.0,0.0,0.0,0.0,0.0,0.0,2.0,1.0,0.0,0.0,0.0,1.0,1.0,1.0,0.0,0.0,1.0,0.0,0.0,1.0,0.0,0.0,0.0,1.0,0.0,1.0,0.0,0.0,0.0,0.0,1.0,3.0,2.0,2.0,3.0,1.0,5.0,1.0,2.0,0.0,0.0,2.0,3.0,2.0,1.0,1.0,0.0,1.0,0.0,1.0,0.0,0.0,0.0,0.0,0.0,1.0,0.0,0.0,0.0,0.0,0.0,0.0,0.0,0.0,0.0,0.0,2.0,0.0,0.0,0.0,1.0,1.0,0.0,0.0,0.0,2.0,1.0,0.0,0.0,0.0,0.0,0.0,0.0,0.0,0.0,0.0,0.0,0.0,0.0,0.0,0.0,0.0,0.0,1.0,0.0,0.0,1.0,0.0,0.0,0.0,0.0,0.0,0.0,0.0,0.0,0.0,0.0,0.0,0.0,0.0,0.0,0.0,0.0,0.0,0.0,0.0,0.0,0.0,0.0,0.0,0.0,0.0,2.0,0.0,0.0,0.0,0.0,0.0,0.0,0.0,0.0,0.0,0.0,0.0,3.0,1.0,0.0,1.0,0.0,0.0,0.0,0.0,0.0,0.0,0.0,0.0,0.0,0.0,0.0,0.0,0.0,0.0,0.0,0.0,0.0,0.0,0.0,0.0,0.0,0.0,0.0,0.0,0.0,0.0,0.0,0.0,1.0,0.0,0.0,0.0,0.0,0.0,0.0,0.0,0.0,0.0,0.0,0.0,0.0,0.0,0.0,0.0,0.0,0.0,0.0,0.0,0.0,0.0,2.0,1.0,1.0,3.0,1.0,2.0,0.0,0.0,0.0,1.0,0.0,0.0,3.0,0.0,0.0,0.0,2.0,4.0,3.0
Carbon 	Polymers	C_poly_xylos,#b8302a,1.0,0.0,1.0,0.0,0.0,0.0,0.0,0.0,0.0,0.0,0.0,1.0,0.0,1.0,4.0,1.0,0.0,0.0,0.0,1.0,1.0,0.0,1.0,0.0,0.0,0.0,0.0,0.0,0.0,0.0,3.0,1.0,2.0,0.0,0.0,0.0,3.0,0.0,0.0,0.0,2.0,4.0,3.0,0.0,0.0,0.0,3.0,3.0,0.0,0.0,2.0,4.0,4.0,0.0,0.0,0.0,0.0,0.0,0.0,0.0,5.0,3.0,0.0,0.0,2.0,0.0,0.0,3.0,3.0,0.0,2.0,0.0,0.0,4.0,3.0,0.0,0.0,0.0,1.0,0.0,2.0,2.0,0.0,0.0,0.0,0.0,0.0,0.0,0.0,0.0,0.0,0.0,0.0,0.0,0.0,0.0,0.0,1.0,0.0,0.0,1.0,0.0,0.0,0.0,1.0,0.0,1.0,0.0,1.0,0.0,0.0,3.0,0.0,0.0,0.0,4.0,2.0,1.0,1.0,2.0,0.0,3.0,0.0,0.0,2.0,2.0,1.0,3.0,1.0,0.0,4.0,0.0,0.0,0.0,1.0,0.0,0.0,0.0,0.0,0.0,0.0,0.0,0.0,0.0,0.0,0.0,0.0,0.0,0.0,2.0,0.0,1.0,0.0,1.0,1.0,0.0,0.0,0.0,1.0,0.0,0.0,0.0,0.0,0.0,0.0,0.0,0.0,0.0,0.0,1.0,0.0,1.0,0.0,0.0,0.0,0.0,0.0,0.0,0.0,0.0,0.0,0.0,0.0,0.0,0.0,0.0,0.0,0.0,0.0,0.0,1.0,0.0,0.0,0.0,0.0,0.0,0.0,0.0,0.0,1.0,0.0,3.0,2.0,0.0,3.0,5.0,4.0,3.0,2.0,3.0,2.0,0.0,0.0,0.0,6.0,4.0,2.0,0.0,0.0,0.0,3.0,0.0,0.0,0.0,0.0,0.0,2.0,2.0,2.0,4.0
Carbon 	Sugars	C_sug_arab,#e94c3e,0.0,0.0,0.0,0.0,0.0,1.0,0.0,0.0,0.0,1.0,0.0,0.0,0.0,0.0,2.0,0.0,0.0,0.0,0.0,1.0,1.0,2.0,0.0,1.0,0.0,0.0,0.0,1.0,0.0,0.0,0.0,3.0,3.0,0.0,0.0,1.0,6.0,0.0,0.0,0.0,5.0,6.0,7.0,0.0,0.0,0.0,2.0,3.0,0.0,0.0,4.0,4.0,4.0,1.0,0.0,0.0,1.0,0.0,0.0,0.0,3.0,0.0,0.0,0.0,0.0,0.0,0.0,2.0,0.0,0.0,4.0,0.0,0.0,3.0,3.0,1.0,1.0,0.0,0.0,2.0,0.0,0.0,0.0,0.0,0.0,1.0,0.0,1.0,0.0,0.0,0.0,1.0,1.0,0.0,1.0,4.0,1.0,0.0,1.0,0.0,1.0,0.0,1.0,0.0,0.0,1.0,0.0,0.0,1.0,1.0,0.0,1.0,2.0,3.0,0.0,2.0,1.0,1.0,0.0,0.0,0.0,0.0,1.0,0.0,3.0,0.0,0.0,3.0,0.0,2.0,2.0,0.0,0.0,0.0,0.0,0.0,2.0,0.0,2.0,1.0,1.0,1.0,0.0,0.0,0.0,0.0,1.0,0.0,1.0,0.0,0.0,0.0,0.0,1.0,1.0,0.0,0.0,0.0,2.0,0.0,0.0,1.0,0.0,0.0,0.0,0.0,0.0,2.0,0.0,2.0,0.0,1.0,0.0,0.0,0.0,0.0,0.0,0.0,0.0,0.0,1.0,1.0,0.0,1.0,0.0,1.0,0.0,0.0,1.0,0.0,0.0,0.0,0.0,1.0,1.0,1.0,0.0,0.0,0.0,1.0,0.0,0.0,0.0,0.0,1.0,0.0,1.0,0.0,0.0,0.0,0.0,0.0,0.0,0.0,4.0,2.0,1.0,1.0,0.0,1.0,1.0,0.0,1.0,0.0,0.0,0.0,2.0,0.0,2.0,3.0
Carbon 	Sugars	C_sug_gal,#e94c3e,4.0,2.0,5.0,4.0,1.0,3.0,11.0,5.0,4.0,5.0,7.0,7.0,1.0,2.0,3.0,3.0,2.0,4.0,5.0,1.0,2.0,3.0,3.0,3.0,2.0,3.0,4.0,5.0,5.0,3.0,5.0,3.0,7.0,2.0,1.0,3.0,9.0,0.0,3.0,4.0,7.0,9.0,5.0,5.0,2.0,3.0,6.0,6.0,4.0,1.0,6.0,7.0,6.0,2.0,2.0,3.0,6.0,2.0,1.0,3.0,5.0,4.0,2.0,1.0,4.0,6.0,1.0,5.0,3.0,4.0,5.0,2.0,4.0,7.0,8.0,1.0,4.0,3.0,4.0,2.0,4.0,6.0,2.0,1.0,0.0,3.0,1.0,2.0,0.0,1.0,1.0,4.0,1.0,3.0,2.0,2.0,2.0,2.0,4.0,2.0,0.0,0.0,2.0,0.0,4.0,4.0,2.0,1.0,4.0,1.0,1.0,0.0,2.0,3.0,1.0,5.0,3.0,1.0,1.0,4.0,2.0,3.0,1.0,5.0,6.0,1.0,3.0,7.0,2.0,2.0,3.0,3.0,2.0,1.0,1.0,3.0,1.0,2.0,4.0,1.0,0.0,3.0,6.0,4.0,0.0,2.0,1.0,3.0,2.0,3.0,0.0,0.0,2.0,1.0,3.0,4.0,1.0,1.0,1.0,2.0,2.0,0.0,3.0,0.0,2.0,0.0,3.0,3.0,2.0,0.0,2.0,0.0,2.0,2.0,2.0,2.0,4.0,7.0,3.0,2.0,5.0,1.0,1.0,1.0,1.0,1.0,2.0,0.0,1.0,3.0,4.0,1.0,1.0,1.0,3.0,2.0,3.0,2.0,4.0,7.0,10.0,10.0,8.0,6.0,3.0,5.0,12.0,1.0,5.0,1.0,6.0,5.0,5.0,5.0,6.0,7.0,3.0,6.0,3.0,4.0,1.0,2.0,3.0,8.0,2.0,2.0,3.0,7.0,9.0,4.0
Carbon 	Sugars	C_sug_lact,#e94c3e,0.0,0.0,0.0,0.0,0.0,0.0,0.0,0.0,0.0,0.0,0.0,0.0,0.0,0.0,0.0,0.0,0.0,0.0,0.0,0.0,0.0,0.0,0.0,0.0,0.0,0.0,1.0,1.0,0.0,0.0,2.0,3.0,8.0,0.0,0.0,2.0,20.0,0.0,0.0,0.0,9.0,11.0,17.0,0.0,0.0,0.0,4.0,6.0,0.0,0.0,16.0,7.0,6.0,0.0,0.0,0.0,2.0,1.0,0.0,0.0,4.0,1.0,0.0,0.0,0.0,4.0,0.0,0.0,0.0,1.0,0.0,0.0,0.0,1.0,1.0,0.0,1.0,0.0,2.0,0.0,0.0,0.0,0.0,0.0,0.0,0.0,0.0,0.0,0.0,0.0,0.0,0.0,0.0,1.0,0.0,0.0,0.0,1.0,0.0,1.0,0.0,0.0,0.0,0.0,0.0,0.0,1.0,0.0,0.0,0.0,0.0,0.0,0.0,0.0,0.0,1.0,1.0,1.0,1.0,2.0,0.0,1.0,0.0,0.0,1.0,1.0,0.0,1.0,1.0,0.0,1.0,0.0,0.0,1.0,1.0,0.0,1.0,0.0,0.0,0.0,0.0,0.0,0.0,0.0,0.0,0.0,0.0,0.0,0.0,0.0,0.0,0.0,0.0,0.0,0.0,0.0,0.0,0.0,1.0,0.0,0.0,1.0,1.0,0.0,0.0,0.0,0.0,0.0,0.0,0.0,0.0,0.0,0.0,0.0,0.0,0.0,0.0,0.0,0.0,0.0,0.0,0.0,0.0,0.0,0.0,0.0,0.0,0.0,0.0,0.0,0.0,0.0,0.0,0.0,0.0,1.0,0.0,0.0,0.0,0.0,1.0,1.0,2.0,0.0,1.0,0.0,0.0,0.0,1.0,1.0,1.0,1.0,1.0,1.0,0.0,0.0,1.0,0.0,0.0,0.0,0.0,0.0,0.0,3.0,0.0,0.0,1.0,0.0,0.0,1.0
Carbon 	Sugars	C_sug_rham,#e94c3e,0.0,0.0,0.0,0.0,0.0,0.0,0.0,0.0,0.0,0.0,0.0,0.0,0.0,0.0,1.0,0.0,0.0,0.0,0.0,0.0,0.0,0.0,0.0,0.0,0.0,0.0,0.0,0.0,0.0,2.0,1.0,0.0,4.0,0.0,0.0,0.0,3.0,0.0,0.0,0.0,2.0,2.0,3.0,0.0,0.0,0.0,1.0,3.0,0.0,0.0,3.0,2.0,2.0,0.0,0.0,0.0,1.0,0.0,0.0,0.0,1.0,1.0,0.0,0.0,0.0,0.0,0.0,1.0,0.0,0.0,0.0,0.0,0.0,2.0,3.0,0.0,0.0,0.0,0.0,0.0,0.0,0.0,0.0,0.0,0.0,0.0,0.0,0.0,0.0,0.0,0.0,0.0,0.0,0.0,0.0,1.0,0.0,0.0,0.0,0.0,0.0,0.0,0.0,0.0,0.0,0.0,0.0,1.0,0.0,1.0,0.0,0.0,0.0,0.0,0.0,0.0,1.0,0.0,0.0,0.0,0.0,0.0,0.0,0.0,0.0,0.0,0.0,1.0,0.0,0.0,0.0,0.0,0.0,0.0,0.0,0.0,0.0,0.0,0.0,0.0,0.0,0.0,0.0,0.0,0.0,0.0,0.0,0.0,0.0,0.0,0.0,0.0,0.0,0.0,0.0,0.0,0.0,0.0,0.0,0.0,0.0,0.0,0.0,0.0,0.0,0.0,0.0,0.0,0.0,0.0,0.0,0.0,0.0,0.0,0.0,0.0,0.0,0.0,0.0,0.0,0.0,0.0,0.0,0.0,0.0,0.0,0.0,0.0,0.0,0.0,0.0,0.0,0.0,0.0,0.0,0.0,0.0,0.0,0.0,0.0,0.0,0.0,0.0,0.0,1.0,0.0,0.0,0.0,0.0,0.0,0.0,0.0,0.0,0.0,1.0,0.0,0.0,0.0,0.0,0.0,0.0,0.0,0.0,0.0,0.0,0.0,0.0,0.0,0.0,0.0
Carbon 	Sugars	C_sug_sucr,#e94c3e,3.0,5.0,2.0,4.0,1.0,3.0,4.0,4.0,4.0,2.0,4.0,2.0,4.0,2.0,5.0,2.0,2.0,5.0,5.0,3.0,3.0,4.0,3.0,2.0,1.0,1.0,5.0,9.0,7.0,5.0,6.0,4.0,8.0,5.0,3.0,3.0,10.0,3.0,4.0,9.0,12.0,10.0,8.0,6.0,4.0,6.0,5.0,8.0,5.0,3.0,9.0,9.0,9.0,8.0,6.0,6.0,4.0,6.0,4.0,7.0,5.0,7.0,5.0,3.0,4.0,3.0,2.0,6.0,4.0,2.0,4.0,3.0,4.0,6.0,5.0,4.0,10.0,3.0,3.0,5.0,5.0,5.0,2.0,3.0,4.0,4.0,1.0,13.0,3.0,4.0,4.0,12.0,4.0,6.0,7.0,6.0,6.0,2.0,5.0,3.0,6.0,3.0,6.0,3.0,7.0,9.0,5.0,4.0,5.0,5.0,6.0,4.0,6.0,4.0,1.0,7.0,8.0,3.0,6.0,8.0,3.0,7.0,2.0,4.0,6.0,5.0,4.0,6.0,7.0,7.0,5.0,3.0,2.0,4.0,4.0,4.0,5.0,5.0,9.0,7.0,1.0,9.0,13.0,11.0,2.0,5.0,5.0,9.0,6.0,3.0,1.0,4.0,6.0,7.0,7.0,9.0,4.0,6.0,9.0,4.0,5.0,3.0,5.0,3.0,5.0,3.0,3.0,9.0,9.0,5.0,8.0,9.0,7.0,3.0,5.0,3.0,6.0,9.0,5.0,4.0,4.0,3.0,2.0,3.0,3.0,4.0,4.0,2.0,5.0,4.0,4.0,3.0,5.0,1.0,9.0,3.0,3.0,2.0,3.0,6.0,7.0,9.0,5.0,2.0,5.0,4.0,6.0,3.0,6.0,5.0,7.0,9.0,9.0,7.0,4.0,5.0,10.0,7.0,6.0,8.0,9.0,6.0,4.0,6.0,7.0,6.0,7.0,11.0,13.0,11.0
Carbon 	Sugars	C_sug_treh,#e94c3e,1.0,2.0,2.0,1.0,1.0,1.0,1.0,1.0,1.0,1.0,2.0,2.0,0.0,0.0,1.0,1.0,1.0,1.0,1.0,1.0,1.0,1.0,1.0,0.0,0.0,0.0,1.0,2.0,4.0,2.0,4.0,5.0,1.0,1.0,0.0,2.0,4.0,1.0,1.0,0.0,5.0,4.0,1.0,0.0,0.0,1.0,3.0,4.0,0.0,1.0,3.0,3.0,2.0,1.0,0.0,0.0,1.0,0.0,0.0,0.0,1.0,2.0,1.0,0.0,2.0,1.0,0.0,2.0,0.0,2.0,1.0,0.0,1.0,4.0,4.0,1.0,2.0,1.0,2.0,0.0,0.0,0.0,1.0,0.0,1.0,1.0,1.0,2.0,1.0,1.0,1.0,2.0,1.0,1.0,1.0,0.0,2.0,2.0,2.0,2.0,0.0,0.0,1.0,1.0,0.0,1.0,1.0,1.0,2.0,0.0,1.0,1.0,1.0,0.0,1.0,1.0,1.0,1.0,1.0,1.0,1.0,1.0,2.0,1.0,1.0,1.0,1.0,1.0,1.0,1.0,0.0,0.0,1.0,1.0,1.0,1.0,1.0,1.0,1.0,1.0,0.0,1.0,2.0,1.0,0.0,1.0,0.0,0.0,0.0,1.0,1.0,0.0,1.0,2.0,0.0,1.0,0.0,1.0,2.0,2.0,1.0,2.0,1.0,1.0,0.0,1.0,1.0,1.0,1.0,1.0,1.0,1.0,1.0,0.0,1.0,0.0,1.0,0.0,1.0,1.0,0.0,0.0,0.0,0.0,1.0,0.0,1.0,1.0,0.0,0.0,2.0,0.0,1.0,0.0,2.0,0.0,2.0,1.0,2.0,1.0,1.0,3.0,5.0,1.0,1.0,1.0,1.0,1.0,2.0,1.0,2.0,1.0,0.0,1.0,3.0,2.0,1.0,0.0,1.0,0.0,1.0,1.0,1.0,1.0,1.0,0.0,1.0,3.0,1.0,2.0
Fermentation	Acetate	Acetogen,#8e3104,1.0,3.0,2.0,1.0,3.0,1.0,2.0,1.0,1.0,3.0,1.0,4.0,1.0,2.0,2.0,1.0,1.0,3.0,2.0,1.0,1.0,1.0,4.0,1.0,0.0,0.0,2.0,1.0,4.0,1.0,1.0,1.0,1.0,1.0,0.0,1.0,0.0,0.0,1.0,1.0,1.0,1.0,0.0,1.0,1.0,0.0,1.0,1.0,0.0,1.0,1.0,1.0,1.0,0.0,1.0,1.0,2.0,3.0,0.0,0.0,1.0,1.0,2.0,0.0,1.0,1.0,1.0,1.0,1.0,1.0,1.0,1.0,2.0,2.0,1.0,1.0,0.0,4.0,0.0,1.0,4.0,4.0,0.0,0.0,0.0,5.0,0.0,1.0,0.0,0.0,0.0,1.0,0.0,2.0,1.0,1.0,1.0,0.0,2.0,0.0,2.0,0.0,1.0,0.0,2.0,1.0,0.0,0.0,2.0,0.0,2.0,3.0,3.0,2.0,4.0,3.0,2.0,2.0,2.0,2.0,2.0,2.0,2.0,3.0,2.0,2.0,2.0,2.0,2.0,2.0,2.0,1.0,1.0,2.0,2.0,2.0,2.0,2.0,2.0,2.0,2.0,1.0,1.0,1.0,0.0,1.0,2.0,1.0,1.0,2.0,0.0,1.0,1.0,1.0,1.0,1.0,0.0,1.0,1.0,2.0,1.0,1.0,1.0,1.0,1.0,2.0,1.0,1.0,1.0,1.0,2.0,2.0,3.0,1.0,4.0,2.0,3.0,5.0,3.0,2.0,2.0,3.0,4.0,5.0,4.0,2.0,1.0,1.0,2.0,0.0,1.0,2.0,3.0,1.0,1.0,1.0,1.0,0.0,1.0,1.0,1.0,0.0,0.0,1.0,0.0,0.0,0.0,0.0,1.0,1.0,1.0,2.0,0.0,1.0,2.0,1.0,0.0,1.0,1.0,1.0,1.0,1.0,1.0,1.0,1.0,1.0,1.0,1.0,2.0,1.0
Fermentation	Fermentation	Fm_Bif_shnt,#d85a09,1.0,1.0,0.0,1.0,0.0,0.0,0.0,1.0,1.0,1.0,0.0,0.0,0.0,0.0,0.0,1.0,0.0,1.0,1.0,0.0,0.0,0.0,0.0,1.0,0.0,0.0,0.0,0.0,0.0,1.0,2.0,2.0,3.0,2.0,1.0,2.0,3.0,1.0,1.0,3.0,2.0,3.0,3.0,1.0,0.0,1.0,1.0,3.0,1.0,0.0,3.0,2.0,2.0,2.0,1.0,1.0,1.0,2.0,1.0,1.0,2.0,3.0,1.0,1.0,1.0,1.0,3.0,2.0,1.0,1.0,1.0,1.0,1.0,1.0,1.0,1.0,0.0,0.0,0.0,1.0,0.0,0.0,0.0,0.0,0.0,0.0,0.0,1.0,0.0,0.0,0.0,4.0,0.0,0.0,1.0,0.0,1.0,0.0,0.0,0.0,1.0,0.0,0.0,0.0,0.0,1.0,0.0,0.0,0.0,0.0,2.0,0.0,0.0,1.0,0.0,0.0,1.0,0.0,2.0,1.0,0.0,1.0,0.0,0.0,1.0,1.0,0.0,1.0,1.0,2.0,1.0,0.0,0.0,0.0,0.0,0.0,0.0,0.0,1.0,1.0,0.0,2.0,3.0,1.0,0.0,0.0,0.0,1.0,0.0,1.0,1.0,2.0,1.0,2.0,0.0,1.0,0.0,1.0,2.0,1.0,1.0,1.0,2.0,0.0,0.0,0.0,0.0,2.0,1.0,2.0,1.0,1.0,1.0,1.0,2.0,1.0,2.0,3.0,0.0,0.0,2.0,1.0,1.0,0.0,1.0,1.0,1.0,1.0,1.0,1.0,1.0,1.0,1.0,1.0,1.0,1.0,1.0,0.0,1.0,1.0,2.0,1.0,1.0,1.0,0.0,0.0,0.0,0.0,2.0,1.0,2.0,2.0,1.0,2.0,0.0,2.0,2.0,4.0,1.0,2.0,3.0,1.0,2.0,2.0,1.0,1.0,2.0,2.0,3.0,3.0
Fermentation	Fermentation	Fm_acetoin,#d85a09,0.0,0.0,0.0,0.0,0.0,0.0,0.0,0.0,0.0,0.0,0.0,0.0,0.0,0.0,0.0,0.0,0.0,0.0,0.0,0.0,0.0,0.0,0.0,0.0,3.0,3.0,2.0,4.0,4.0,3.0,4.0,2.0,1.0,4.0,3.0,4.0,6.0,3.0,5.0,3.0,1.0,6.0,2.0,2.0,2.0,4.0,4.0,6.0,1.0,4.0,7.0,4.0,3.0,5.0,5.0,3.0,3.0,6.0,2.0,6.0,5.0,6.0,3.0,3.0,3.0,5.0,3.0,6.0,6.0,3.0,5.0,4.0,3.0,3.0,3.0,1.0,2.0,3.0,5.0,3.0,2.0,3.0,1.0,1.0,1.0,2.0,1.0,4.0,0.0,1.0,1.0,1.0,1.0,2.0,1.0,2.0,1.0,1.0,3.0,1.0,3.0,1.0,2.0,2.0,2.0,3.0,1.0,1.0,3.0,1.0,2.0,2.0,3.0,2.0,2.0,5.0,5.0,3.0,3.0,2.0,2.0,2.0,1.0,3.0,2.0,2.0,3.0,6.0,2.0,5.0,1.0,2.0,3.0,2.0,2.0,2.0,2.0,2.0,2.0,3.0,2.0,4.0,1.0,1.0,1.0,2.0,2.0,1.0,1.0,1.0,1.0,1.0,2.0,5.0,1.0,2.0,1.0,2.0,5.0,2.0,2.0,3.0,3.0,3.0,1.0,1.0,2.0,1.0,3.0,4.0,2.0,3.0,2.0,2.0,3.0,1.0,2.0,2.0,3.0,2.0,1.0,2.0,2.0,2.0,2.0,2.0,3.0,2.0,2.0,4.0,3.0,2.0,2.0,3.0,3.0,2.0,3.0,1.0,3.0,5.0,3.0,1.0,4.0,3.0,4.0,6.0,3.0,6.0,2.0,4.0,2.0,2.0,5.0,2.0,0.0,1.0,2.0,1.0,2.0,1.0,2.0,1.0,2.0,1.0,4.0,1.0,2.0,5.0,4.0,1.0
Fermentation	Fermentation	Fm_butyr_acet,#d85a09,0.0,2.0,2.0,0.0,0.0,2.0,1.0,0.0,2.0,1.0,2.0,1.0,0.0,1.0,0.0,0.0,1.0,2.0,1.0,0.0,0.0,1.0,2.0,1.0,0.0,0.0,1.0,2.0,2.0,2.0,2.0,2.0,2.0,2.0,0.0,1.0,3.0,0.0,2.0,2.0,5.0,2.0,2.0,1.0,1.0,1.0,1.0,4.0,2.0,1.0,3.0,3.0,2.0,2.0,1.0,1.0,1.0,1.0,0.0,1.0,1.0,1.0,2.0,1.0,1.0,0.0,1.0,1.0,0.0,3.0,1.0,1.0,1.0,2.0,2.0,1.0,3.0,1.0,1.0,2.0,2.0,2.0,2.0,1.0,2.0,3.0,2.0,2.0,1.0,1.0,3.0,1.0,3.0,2.0,2.0,3.0,4.0,1.0,2.0,1.0,1.0,3.0,3.0,2.0,2.0,5.0,2.0,2.0,2.0,4.0,2.0,2.0,2.0,3.0,3.0,3.0,3.0,2.0,3.0,3.0,3.0,3.0,2.0,3.0,4.0,3.0,3.0,3.0,3.0,2.0,2.0,3.0,2.0,3.0,3.0,2.0,4.0,4.0,4.0,2.0,1.0,2.0,3.0,4.0,1.0,3.0,1.0,3.0,2.0,1.0,1.0,2.0,2.0,3.0,2.0,4.0,2.0,2.0,3.0,1.0,0.0,1.0,2.0,3.0,3.0,3.0,3.0,2.0,3.0,2.0,1.0,2.0,2.0,2.0,3.0,1.0,3.0,5.0,4.0,1.0,2.0,1.0,1.0,1.0,1.0,2.0,1.0,1.0,1.0,1.0,0.0,1.0,1.0,1.0,3.0,1.0,1.0,1.0,1.0,2.0,1.0,4.0,3.0,2.0,3.0,2.0,3.0,4.0,2.0,2.0,3.0,3.0,4.0,4.0,1.0,1.0,3.0,2.0,2.0,3.0,3.0,2.0,3.0,2.0,2.0,2.0,2.0,5.0,3.0,3.0
Fermentation	Fermentation	Fm_glutam,#d85a09,0.0,0.0,2.0,0.0,0.0,4.0,1.0,0.0,3.0,2.0,1.0,2.0,0.0,2.0,0.0,0.0,0.0,0.0,0.0,0.0,0.0,0.0,1.0,0.0,1.0,2.0,1.0,3.0,3.0,1.0,1.0,0.0,1.0,2.0,1.0,1.0,1.0,1.0,1.0,1.0,0.0,1.0,1.0,1.0,1.0,1.0,0.0,1.0,1.0,0.0,1.0,1.0,1.0,1.0,0.0,0.0,2.0,0.0,0.0,0.0,2.0,3.0,1.0,1.0,2.0,3.0,1.0,2.0,0.0,2.0,3.0,1.0,4.0,1.0,0.0,0.0,0.0,0.0,0.0,0.0,2.0,2.0,0.0,0.0,0.0,0.0,0.0,0.0,0.0,0.0,0.0,0.0,0.0,0.0,0.0,1.0,1.0,0.0,2.0,0.0,0.0,0.0,0.0,0.0,0.0,1.0,0.0,0.0,2.0,1.0,1.0,1.0,2.0,3.0,0.0,1.0,2.0,1.0,1.0,1.0,1.0,2.0,1.0,4.0,1.0,1.0,1.0,1.0,1.0,1.0,1.0,1.0,1.0,1.0,1.0,1.0,1.0,3.0,1.0,0.0,0.0,0.0,0.0,0.0,2.0,1.0,1.0,0.0,1.0,2.0,0.0,0.0,2.0,1.0,0.0,1.0,0.0,2.0,1.0,1.0,1.0,2.0,2.0,0.0,1.0,0.0,0.0,0.0,0.0,1.0,2.0,2.0,0.0,1.0,0.0,1.0,1.0,0.0,0.0,1.0,0.0,0.0,3.0,1.0,2.0,0.0,2.0,1.0,1.0,1.0,1.0,2.0,1.0,1.0,1.0,1.0,0.0,0.0,0.0,4.0,1.0,2.0,0.0,0.0,0.0,0.0,0.0,0.0,0.0,0.0,0.0,0.0,0.0,0.0,1.0,4.0,0.0,0.0,0.0,0.0,0.0,0.0,0.0,0.0,0.0,0.0,0.0,0.0,0.0,0.0
Fermentation	Fermentation	Fm_lac_ac,#d85a09,2.0,5.0,6.0,2.0,3.0,4.0,5.0,4.0,3.0,4.0,6.0,4.0,7.0,4.0,6.0,3.0,5.0,6.0,6.0,4.0,5.0,4.0,5.0,4.0,2.0,4.0,4.0,6.0,8.0,5.0,11.0,3.0,9.0,4.0,5.0,6.0,12.0,2.0,3.0,4.0,10.0,13.0,7.0,4.0,4.0,2.0,7.0,9.0,4.0,2.0,7.0,12.0,11.0,4.0,5.0,3.0,5.0,7.0,6.0,6.0,5.0,8.0,4.0,5.0,7.0,6.0,3.0,7.0,2.0,3.0,8.0,2.0,4.0,6.0,7.0,4.0,5.0,6.0,8.0,6.0,8.0,9.0,6.0,4.0,8.0,5.0,6.0,12.0,4.0,6.0,5.0,8.0,5.0,9.0,10.0,9.0,8.0,6.0,9.0,8.0,10.0,4.0,5.0,6.0,11.0,9.0,6.0,6.0,9.0,5.0,3.0,4.0,6.0,6.0,8.0,7.0,8.0,4.0,3.0,10.0,8.0,7.0,5.0,11.0,7.0,8.0,10.0,7.0,9.0,8.0,4.0,9.0,5.0,6.0,7.0,8.0,9.0,11.0,8.0,7.0,5.0,8.0,11.0,7.0,2.0,5.0,10.0,4.0,7.0,8.0,6.0,4.0,6.0,7.0,5.0,5.0,4.0,5.0,11.0,6.0,6.0,5.0,4.0,7.0,5.0,5.0,9.0,6.0,8.0,5.0,6.0,8.0,9.0,4.0,6.0,4.0,7.0,7.0,5.0,7.0,6.0,6.0,7.0,7.0,6.0,5.0,7.0,6.0,5.0,5.0,7.0,5.0,5.0,4.0,11.0,6.0,6.0,3.0,6.0,5.0,8.0,5.0,13.0,4.0,6.0,6.0,7.0,7.0,7.0,4.0,10.0,9.0,8.0,8.0,11.0,7.0,2.0,6.0,6.0,3.0,3.0,7.0,4.0,6.0,6.0,4.0,1.0,7.0,8.0,9.0
Fermentation	Fermentation	Fm_lact_pyru,#d85a09,3.0,4.0,3.0,3.0,2.0,5.0,5.0,6.0,5.0,3.0,3.0,3.0,2.0,3.0,2.0,2.0,2.0,5.0,6.0,2.0,2.0,2.0,4.0,4.0,3.0,4.0,3.0,6.0,3.0,2.0,5.0,6.0,3.0,5.0,2.0,5.0,7.0,2.0,3.0,4.0,5.0,6.0,2.0,5.0,1.0,4.0,4.0,6.0,4.0,4.0,5.0,6.0,7.0,6.0,2.0,4.0,3.0,3.0,2.0,2.0,3.0,3.0,3.0,3.0,3.0,2.0,2.0,3.0,3.0,2.0,3.0,2.0,3.0,3.0,4.0,4.0,3.0,3.0,4.0,5.0,4.0,5.0,3.0,2.0,4.0,3.0,3.0,3.0,1.0,3.0,2.0,3.0,5.0,3.0,1.0,4.0,3.0,3.0,5.0,3.0,3.0,3.0,2.0,2.0,2.0,3.0,4.0,2.0,6.0,5.0,1.0,3.0,2.0,4.0,3.0,3.0,3.0,3.0,3.0,4.0,3.0,4.0,3.0,4.0,3.0,3.0,3.0,3.0,3.0,4.0,3.0,3.0,2.0,3.0,5.0,3.0,4.0,5.0,4.0,2.0,0.0,3.0,6.0,5.0,1.0,2.0,3.0,2.0,3.0,3.0,3.0,2.0,4.0,3.0,3.0,3.0,3.0,2.0,1.0,5.0,1.0,2.0,3.0,1.0,3.0,3.0,4.0,4.0,2.0,2.0,3.0,2.0,2.0,3.0,4.0,2.0,3.0,5.0,2.0,3.0,2.0,3.0,4.0,2.0,6.0,1.0,3.0,3.0,5.0,3.0,3.0,3.0,3.0,2.0,3.0,2.0,3.0,2.0,3.0,3.0,4.0,2.0,2.0,0.0,3.0,2.0,3.0,2.0,1.0,1.0,2.0,1.0,1.0,1.0,6.0,6.0,3.0,2.0,2.0,3.0,3.0,3.0,2.0,3.0,3.0,2.0,2.0,0.0,1.0,1.0
Fermentation	Fermentation	Fm_multiple,#d85a09,10.0,18.0,13.0,13.0,3.0,12.0,15.0,11.0,7.0,19.0,10.0,16.0,10.0,10.0,11.0,10.0,11.0,10.0,11.0,8.0,9.0,7.0,12.0,9.0,6.0,9.0,11.0,13.0,15.0,11.0,18.0,8.0,9.0,11.0,6.0,10.0,17.0,6.0,13.0,15.0,12.0,16.0,13.0,8.0,9.0,7.0,13.0,13.0,11.0,9.0,14.0,12.0,13.0,9.0,8.0,8.0,10.0,10.0,7.0,8.0,12.0,16.0,10.0,9.0,13.0,12.0,9.0,16.0,8.0,12.0,12.0,11.0,15.0,20.0,19.0,7.0,8.0,14.0,13.0,12.0,14.0,17.0,9.0,7.0,10.0,13.0,9.0,10.0,3.0,8.0,6.0,4.0,8.0,7.0,6.0,13.0,12.0,7.0,10.0,6.0,12.0,6.0,8.0,7.0,16.0,13.0,13.0,9.0,11.0,10.0,9.0,16.0,16.0,17.0,14.0,16.0,17.0,13.0,19.0,18.0,17.0,18.0,16.0,17.0,21.0,15.0,17.0,17.0,16.0,12.0,14.0,17.0,17.0,16.0,16.0,17.0,19.0,19.0,17.0,9.0,7.0,7.0,9.0,7.0,8.0,10.0,12.0,7.0,10.0,20.0,7.0,12.0,14.0,14.0,7.0,11.0,6.0,16.0,13.0,20.0,16.0,20.0,12.0,6.0,7.0,9.0,9.0,7.0,9.0,12.0,12.0,15.0,11.0,11.0,17.0,8.0,17.0,24.0,18.0,14.0,18.0,12.0,18.0,17.0,23.0,15.0,14.0,9.0,13.0,12.0,14.0,13.0,16.0,12.0,18.0,9.0,13.0,4.0,10.0,14.0,15.0,8.0,15.0,6.0,7.0,10.0,9.0,8.0,10.0,6.0,9.0,15.0,8.0,7.0,10.0,10.0,12.0,16.0,19.0,9.0,11.0,20.0,10.0,12.0,21.0,21.0,14.0,19.0,17.0,17.0
Fermentation	Fermentation	Fm_pyruv,#d85a09,5.0,9.0,10.0,5.0,7.0,10.0,10.0,8.0,9.0,10.0,9.0,15.0,8.0,7.0,9.0,5.0,9.0,11.0,8.0,8.0,8.0,11.0,16.0,9.0,10.0,10.0,9.0,15.0,9.0,9.0,13.0,7.0,8.0,6.0,4.0,14.0,8.0,3.0,5.0,17.0,5.0,11.0,9.0,10.0,5.0,5.0,14.0,10.0,6.0,4.0,11.0,11.0,9.0,8.0,9.0,4.0,7.0,8.0,4.0,5.0,9.0,10.0,7.0,6.0,10.0,10.0,8.0,12.0,5.0,9.0,10.0,7.0,9.0,10.0,8.0,11.0,18.0,13.0,14.0,15.0,10.0,12.0,16.0,7.0,10.0,16.0,14.0,10.0,8.0,8.0,6.0,7.0,16.0,8.0,11.0,19.0,11.0,10.0,20.0,11.0,17.0,7.0,19.0,8.0,10.0,13.0,16.0,7.0,16.0,12.0,10.0,16.0,14.0,16.0,8.0,13.0,17.0,10.0,8.0,16.0,13.0,13.0,15.0,14.0,7.0,13.0,15.0,14.0,14.0,6.0,17.0,13.0,10.0,12.0,10.0,9.0,11.0,12.0,14.0,7.0,7.0,10.0,9.0,6.0,4.0,8.0,15.0,7.0,13.0,11.0,9.0,7.0,15.0,8.0,8.0,14.0,6.0,8.0,10.0,17.0,14.0,13.0,9.0,7.0,8.0,12.0,9.0,6.0,5.0,7.0,14.0,14.0,10.0,16.0,19.0,8.0,12.0,21.0,18.0,13.0,16.0,13.0,19.0,14.0,19.0,15.0,14.0,8.0,15.0,14.0,19.0,7.0,15.0,3.0,4.0,2.0,8.0,4.0,8.0,15.0,13.0,12.0,16.0,6.0,9.0,7.0,9.0,9.0,8.0,7.0,13.0,6.0,4.0,6.0,13.0,13.0,6.0,6.0,12.0,5.0,5.0,9.0,8.0,7.0,15.0,6.0,8.0,7.0,13.0,10.0
Fermentation	H2_oxidation	H2_oxid,#fed778,0.0,0.0,0.0,0.0,0.0,0.0,0.0,0.0,0.0,1.0,0.0,0.0,0.0,0.0,2.0,1.0,0.0,0.0,0.0,0.0,0.0,0.0,0.0,1.0,0.0,0.0,0.0,0.0,1.0,0.0,5.0,0.0,0.0,0.0,0.0,2.0,0.0,0.0,0.0,2.0,2.0,2.0,0.0,0.0,0.0,0.0,0.0,0.0,0.0,0.0,0.0,0.0,0.0,0.0,0.0,0.0,0.0,0.0,0.0,0.0,0.0,0.0,0.0,2.0,3.0,6.0,4.0,0.0,0.0,0.0,0.0,0.0,0.0,0.0,0.0,0.0,0.0,3.0,3.0,0.0,0.0,0.0,4.0,0.0,2.0,0.0,4.0,2.0,0.0,0.0,3.0,2.0,2.0,0.0,2.0,3.0,3.0,2.0,2.0,0.0,4.0,2.0,0.0,2.0,1.0,2.0,4.0,0.0,2.0,2.0,0.0,0.0,0.0,0.0,0.0,0.0,0.0,0.0,0.0,0.0,0.0,0.0,3.0,0.0,0.0,0.0,3.0,0.0,0.0,0.0,0.0,0.0,0.0,0.0,4.0,0.0,0.0,2.0,0.0,3.0,0.0,0.0,5.0,0.0,0.0,0.0,1.0,0.0,0.0,0.0,0.0,0.0,0.0,0.0,0.0,0.0,0.0,0.0,0.0,0.0,0.0,2.0,0.0,0.0,0.0,0.0,0.0,0.0,0.0,0.0,0.0,0.0,2.0,2.0,3.0,1.0,2.0,4.0,3.0,4.0,0.0,2.0,4.0,4.0,2.0,0.0,2.0,3.0,4.0,2.0,6.0,2.0,4.0,1.0,0.0,0.0,0.0,0.0,0.0,0.0,1.0,0.0,0.0,0.0,0.0,2.0,0.0,0.0,0.0,0.0,0.0,0.0,0.0,0.0,0.0,0.0,0.0,0.0,0.0,0.0,0.0,0.0,0.0,0.0,0.0,0.0,0.0,0.0,1.0,0.0
Fermentation	H2_production	H2_prod,#fe9829,0.0,0.0,20.0,2.0,0.0,14.0,3.0,0.0,0.0,0.0,0.0,4.0,0.0,0.0,1.0,5.0,0.0,0.0,0.0,0.0,0.0,0.0,0.0,1.0,0.0,0.0,0.0,0.0,0.0,1.0,3.0,0.0,1.0,1.0,0.0,3.0,2.0,0.0,0.0,0.0,1.0,0.0,1.0,0.0,0.0,0.0,0.0,1.0,0.0,1.0,0.0,0.0,0.0,0.0,0.0,0.0,0.0,0.0,0.0,0.0,0.0,3.0,0.0,0.0,0.0,1.0,1.0,1.0,0.0,0.0,0.0,2.0,0.0,0.0,0.0,0.0,0.0,4.0,0.0,9.0,3.0,5.0,4.0,0.0,0.0,6.0,4.0,0.0,0.0,0.0,0.0,0.0,1.0,0.0,0.0,9.0,0.0,0.0,10.0,0.0,5.0,0.0,0.0,0.0,4.0,0.0,4.0,0.0,9.0,0.0,8.0,1.0,10.0,5.0,2.0,13.0,4.0,10.0,7.0,6.0,6.0,4.0,5.0,15.0,6.0,12.0,7.0,10.0,6.0,8.0,6.0,7.0,8.0,6.0,12.0,6.0,6.0,11.0,14.0,0.0,0.0,3.0,0.0,0.0,0.0,0.0,6.0,0.0,7.0,0.0,0.0,0.0,0.0,0.0,0.0,0.0,1.0,0.0,0.0,0.0,1.0,4.0,0.0,0.0,0.0,0.0,0.0,0.0,0.0,3.0,0.0,0.0,2.0,1.0,7.0,1.0,7.0,8.0,17.0,5.0,8.0,3.0,7.0,7.0,11.0,0.0,1.0,0.0,1.0,5.0,1.0,0.0,1.0,0.0,0.0,0.0,0.0,1.0,0.0,10.0,1.0,9.0,8.0,0.0,3.0,5.0,0.0,4.0,0.0,0.0,3.0,0.0,0.0,0.0,5.0,7.0,5.0,1.0,0.0,1.0,2.0,0.0,0.0,2.0,0.0,0.0,0.0,0.0,0.0,0.0
Nitrogen	Denitrification	N_DNT,#93ce81,0.0,0.0,1.0,0.0,0.0,1.0,0.0,0.0,1.0,1.0,0.0,0.0,2.0,0.0,2.0,0.0,0.0,0.0,0.0,0.0,0.0,0.0,0.0,0.0,2.0,1.0,2.0,5.0,4.0,0.0,2.0,0.0,0.0,0.0,0.0,0.0,4.0,0.0,0.0,0.0,2.0,2.0,0.0,1.0,0.0,0.0,0.0,2.0,0.0,0.0,2.0,0.0,0.0,0.0,0.0,0.0,0.0,0.0,0.0,0.0,1.0,1.0,0.0,0.0,0.0,1.0,3.0,1.0,0.0,0.0,1.0,0.0,1.0,0.0,0.0,0.0,1.0,0.0,1.0,0.0,0.0,1.0,4.0,0.0,0.0,1.0,1.0,5.0,3.0,1.0,3.0,3.0,0.0,1.0,2.0,2.0,0.0,1.0,3.0,1.0,0.0,3.0,0.0,2.0,0.0,2.0,0.0,2.0,3.0,1.0,0.0,1.0,0.0,0.0,0.0,2.0,1.0,0.0,0.0,1.0,6.0,1.0,3.0,3.0,3.0,1.0,4.0,4.0,0.0,0.0,0.0,1.0,4.0,1.0,4.0,6.0,3.0,4.0,1.0,0.0,0.0,6.0,4.0,2.0,0.0,0.0,4.0,0.0,2.0,2.0,0.0,0.0,0.0,0.0,4.0,0.0,1.0,0.0,0.0,0.0,3.0,0.0,0.0,0.0,0.0,0.0,0.0,0.0,0.0,0.0,0.0,5.0,0.0,1.0,2.0,1.0,1.0,3.0,3.0,0.0,0.0,0.0,0.0,0.0,0.0,0.0,1.0,2.0,0.0,1.0,3.0,0.0,0.0,0.0,0.0,0.0,0.0,0.0,0.0,1.0,0.0,0.0,0.0,0.0,0.0,0.0,0.0,0.0,0.0,0.0,0.0,0.0,0.0,0.0,2.0,1.0,0.0,0.0,0.0,0.0,0.0,0.0,0.0,0.0,0.0,0.0,0.0,0.0,0.0,0.0
Nitrogen	N2_fixation	N2_fix,#344338,0.0,0.0,1.0,0.0,0.0,0.0,0.0,0.0,0.0,0.0,0.0,0.0,0.0,0.0,0.0,0.0,0.0,0.0,0.0,0.0,0.0,0.0,0.0,3.0,0.0,0.0,0.0,0.0,0.0,0.0,0.0,0.0,0.0,0.0,0.0,0.0,0.0,0.0,0.0,0.0,0.0,0.0,0.0,0.0,0.0,0.0,0.0,0.0,0.0,0.0,0.0,0.0,0.0,0.0,0.0,0.0,0.0,0.0,0.0,0.0,0.0,0.0,0.0,0.0,0.0,0.0,0.0,0.0,0.0,0.0,1.0,0.0,0.0,0.0,5.0,0.0,0.0,3.0,0.0,0.0,0.0,0.0,0.0,0.0,0.0,0.0,0.0,0.0,0.0,0.0,0.0,0.0,0.0,0.0,0.0,0.0,0.0,0.0,0.0,0.0,0.0,0.0,0.0,0.0,0.0,0.0,0.0,0.0,0.0,0.0,0.0,0.0,0.0,0.0,0.0,0.0,0.0,0.0,0.0,0.0,0.0,0.0,0.0,0.0,0.0,0.0,0.0,0.0,0.0,0.0,0.0,0.0,0.0,0.0,0.0,0.0,0.0,0.0,0.0,0.0,0.0,0.0,0.0,0.0,0.0,0.0,0.0,0.0,0.0,0.0,0.0,0.0,0.0,0.0,1.0,0.0,0.0,0.0,0.0,0.0,0.0,0.0,0.0,0.0,0.0,0.0,0.0,0.0,0.0,0.0,0.0,0.0,3.0,3.0,0.0,3.0,0.0,0.0,4.0,0.0,0.0,3.0,0.0,0.0,0.0,3.0,4.0,2.0,3.0,3.0,2.0,3.0,3.0,0.0,4.0,0.0,0.0,0.0,0.0,0.0,0.0,0.0,0.0,0.0,0.0,0.0,0.0,0.0,0.0,0.0,0.0,0.0,0.0,0.0,0.0,0.0,0.0,0.0,0.0,0.0,0.0,0.0,0.0,0.0,0.0,0.0,0.0,0.0,0.0,0.0
Nitrogen	NH3_oxidation	NH3_oxid,#41a359,0.0,0.0,0.0,0.0,0.0,0.0,0.0,0.0,0.0,0.0,0.0,0.0,0.0,0.0,0.0,0.0,0.0,0.0,0.0,0.0,0.0,0.0,0.0,0.0,3.0,3.0,0.0,0.0,0.0,0.0,0.0,0.0,0.0,0.0,0.0,0.0,0.0,0.0,0.0,0.0,0.0,0.0,0.0,0.0,0.0,0.0,0.0,0.0,0.0,0.0,0.0,0.0,0.0,0.0,0.0,0.0,0.0,0.0,0.0,0.0,0.0,0.0,0.0,0.0,0.0,0.0,0.0,0.0,0.0,0.0,0.0,0.0,0.0,0.0,0.0,0.0,0.0,0.0,0.0,0.0,0.0,0.0,0.0,0.0,0.0,0.0,0.0,0.0,0.0,0.0,0.0,0.0,0.0,0.0,0.0,0.0,0.0,0.0,0.0,0.0,0.0,0.0,0.0,0.0,0.0,0.0,0.0,0.0,0.0,0.0,0.0,0.0,0.0,0.0,0.0,0.0,0.0,0.0,0.0,0.0,0.0,0.0,0.0,0.0,0.0,0.0,0.0,0.0,0.0,0.0,0.0,0.0,0.0,0.0,0.0,0.0,0.0,0.0,0.0,0.0,0.0,0.0,0.0,0.0,0.0,0.0,0.0,0.0,0.0,0.0,0.0,0.0,0.0,0.0,0.0,0.0,0.0,0.0,0.0,0.0,0.0,0.0,0.0,0.0,0.0,0.0,0.0,0.0,0.0,0.0,0.0,0.0,0.0,0.0,0.0,0.0,0.0,0.0,0.0,0.0,0.0,0.0,0.0,0.0,0.0,0.0,0.0,0.0,0.0,0.0,0.0,0.0,0.0,0.0,0.0,0.0,0.0,0.0,0.0,0.0,0.0,0.0,0.0,0.0,0.0,0.0,0.0,0.0,0.0,0.0,0.0,0.0,0.0,0.0,0.0,0.0,0.0,0.0,0.0,0.0,0.0,0.0,0.0,0.0,0.0,0.0,0.0,0.0,0.0,0.0
Nitrogen	NH4_assimilation	NH4_asim,#356542,3.0,4.0,4.0,6.0,3.0,6.0,4.0,3.0,7.0,5.0,9.0,7.0,5.0,4.0,8.0,6.0,5.0,4.0,4.0,5.0,5.0,8.0,13.0,4.0,7.0,7.0,4.0,4.0,4.0,6.0,10.0,5.0,8.0,9.0,3.0,7.0,10.0,2.0,7.0,13.0,10.0,9.0,9.0,9.0,3.0,2.0,7.0,11.0,7.0,8.0,10.0,7.0,9.0,9.0,10.0,7.0,7.0,8.0,7.0,6.0,9.0,9.0,7.0,5.0,8.0,7.0,7.0,7.0,7.0,9.0,9.0,6.0,9.0,11.0,10.0,4.0,13.0,7.0,18.0,6.0,4.0,7.0,6.0,8.0,14.0,7.0,8.0,11.0,7.0,6.0,12.0,13.0,13.0,5.0,7.0,14.0,7.0,7.0,6.0,5.0,5.0,7.0,7.0,8.0,5.0,21.0,8.0,9.0,9.0,6.0,9.0,16.0,8.0,12.0,8.0,11.0,10.0,7.0,8.0,11.0,7.0,9.0,11.0,14.0,8.0,9.0,11.0,14.0,7.0,9.0,7.0,13.0,14.0,8.0,13.0,11.0,15.0,12.0,9.0,4.0,3.0,11.0,6.0,5.0,5.0,5.0,12.0,6.0,12.0,13.0,6.0,4.0,9.0,3.0,6.0,9.0,13.0,4.0,4.0,7.0,9.0,15.0,6.0,4.0,6.0,6.0,5.0,6.0,5.0,3.0,6.0,9.0,8.0,17.0,8.0,9.0,6.0,8.0,10.0,7.0,9.0,7.0,10.0,6.0,11.0,8.0,7.0,10.0,12.0,6.0,17.0,5.0,10.0,6.0,9.0,4.0,5.0,4.0,6.0,13.0,20.0,7.0,7.0,5.0,6.0,4.0,5.0,4.0,4.0,4.0,8.0,7.0,7.0,6.0,6.0,10.0,6.0,8.0,7.0,3.0,5.0,4.0,12.0,9.0,5.0,4.0,6.0,7.0,10.0,7.0
Nitrogen	NO3_A.reduction	NO3_A.red,#36854d,0.0,6.0,0.0,0.0,1.0,0.0,4.0,0.0,0.0,0.0,3.0,4.0,7.0,1.0,1.0,4.0,1.0,2.0,5.0,1.0,0.0,1.0,2.0,0.0,0.0,0.0,0.0,0.0,0.0,0.0,0.0,0.0,0.0,0.0,0.0,0.0,0.0,0.0,0.0,0.0,0.0,0.0,0.0,0.0,0.0,0.0,0.0,0.0,0.0,0.0,2.0,0.0,0.0,0.0,0.0,0.0,0.0,0.0,0.0,0.0,2.0,1.0,0.0,0.0,0.0,0.0,0.0,1.0,0.0,0.0,0.0,0.0,0.0,0.0,0.0,0.0,0.0,0.0,0.0,0.0,0.0,0.0,0.0,0.0,0.0,0.0,0.0,1.0,0.0,0.0,0.0,2.0,0.0,1.0,1.0,0.0,0.0,0.0,0.0,0.0,0.0,0.0,0.0,0.0,0.0,0.0,0.0,0.0,0.0,0.0,0.0,0.0,0.0,0.0,0.0,0.0,0.0,0.0,0.0,0.0,1.0,0.0,0.0,0.0,0.0,0.0,0.0,0.0,0.0,0.0,0.0,0.0,0.0,0.0,0.0,0.0,0.0,0.0,0.0,0.0,0.0,0.0,0.0,0.0,0.0,0.0,0.0,0.0,0.0,0.0,0.0,0.0,0.0,0.0,0.0,0.0,0.0,0.0,0.0,0.0,0.0,0.0,0.0,0.0,0.0,0.0,0.0,0.0,0.0,0.0,0.0,0.0,0.0,0.0,0.0,0.0,0.0,0.0,0.0,0.0,0.0,0.0,0.0,0.0,0.0,0.0,0.0,0.0,0.0,1.0,0.0,0.0,0.0,0.0,1.0,1.0,0.0,0.0,0.0,0.0,0.0,0.0,0.0,0.0,0.0,0.0,0.0,0.0,0.0,0.0,0.0,0.0,0.0,0.0,0.0,0.0,0.0,0.0,0.0,0.0,0.0,0.0,0.0,0.0,0.0,0.0,0.0,0.0,0.0,0.0
Nitrogen	NO3_reduction	NO3_D.red,#6bb96d,0.0,0.0,0.0,0.0,0.0,0.0,0.0,0.0,0.0,0.0,0.0,0.0,0.0,0.0,0.0,0.0,0.0,0.0,0.0,0.0,0.0,0.0,0.0,0.0,0.0,0.0,0.0,0.0,2.0,2.0,0.0,0.0,1.0,2.0,0.0,0.0,0.0,0.0,3.0,0.0,0.0,0.0,2.0,0.0,0.0,0.0,0.0,0.0,2.0,2.0,2.0,4.0,2.0,3.0,0.0,0.0,0.0,0.0,0.0,0.0,2.0,3.0,0.0,0.0,0.0,0.0,4.0,2.0,0.0,0.0,0.0,0.0,0.0,2.0,2.0,0.0,0.0,1.0,0.0,0.0,0.0,0.0,2.0,0.0,0.0,0.0,2.0,2.0,0.0,0.0,0.0,4.0,1.0,2.0,2.0,0.0,2.0,0.0,0.0,0.0,0.0,0.0,0.0,0.0,0.0,0.0,2.0,0.0,0.0,2.0,0.0,0.0,0.0,0.0,0.0,0.0,0.0,0.0,0.0,0.0,0.0,0.0,0.0,0.0,0.0,0.0,0.0,0.0,0.0,2.0,0.0,0.0,0.0,0.0,0.0,0.0,0.0,0.0,1.0,0.0,0.0,0.0,0.0,0.0,0.0,2.0,0.0,0.0,0.0,0.0,0.0,0.0,2.0,0.0,0.0,0.0,0.0,0.0,0.0,2.0,2.0,0.0,0.0,0.0,0.0,0.0,0.0,0.0,0.0,0.0,0.0,0.0,0.0,2.0,0.0,1.0,0.0,0.0,1.0,3.0,0.0,0.0,0.0,0.0,2.0,0.0,0.0,2.0,2.0,0.0,0.0,1.0,2.0,0.0,0.0,0.0,0.0,0.0,0.0,0.0,0.0,0.0,0.0,0.0,1.0,3.0,0.0,0.0,0.0,0.0,0.0,0.0,0.0,0.0,0.0,0.0,1.0,0.0,0.0,0.0,1.0,0.0,1.0,0.0,0.0,0.0,0.0,2.0,1.0,2.0
Nitrogen	NO3_reduction	NO3_red,#6bb96d,0.0,0.0,0.0,0.0,0.0,0.0,0.0,0.0,0.0,1.0,0.0,0.0,0.0,0.0,0.0,0.0,0.0,0.0,0.0,0.0,0.0,0.0,0.0,0.0,0.0,0.0,0.0,0.0,0.0,1.0,0.0,0.0,0.0,0.0,0.0,0.0,6.0,0.0,0.0,0.0,0.0,0.0,0.0,0.0,0.0,0.0,0.0,0.0,0.0,0.0,0.0,0.0,0.0,0.0,0.0,0.0,0.0,0.0,0.0,0.0,0.0,0.0,0.0,0.0,0.0,0.0,0.0,0.0,0.0,0.0,0.0,0.0,0.0,0.0,0.0,0.0,0.0,2.0,0.0,0.0,0.0,3.0,0.0,0.0,0.0,0.0,0.0,7.0,0.0,0.0,0.0,0.0,0.0,0.0,0.0,3.0,0.0,0.0,0.0,0.0,0.0,0.0,1.0,0.0,0.0,2.0,0.0,0.0,0.0,0.0,0.0,0.0,0.0,0.0,0.0,0.0,0.0,0.0,0.0,0.0,3.0,0.0,3.0,0.0,0.0,0.0,0.0,2.0,0.0,0.0,0.0,0.0,0.0,0.0,2.0,2.0,0.0,0.0,3.0,0.0,0.0,6.0,2.0,0.0,0.0,0.0,6.0,0.0,3.0,0.0,0.0,0.0,0.0,0.0,3.0,0.0,0.0,0.0,0.0,0.0,3.0,0.0,0.0,0.0,0.0,0.0,0.0,0.0,0.0,0.0,0.0,3.0,0.0,2.0,3.0,0.0,1.0,3.0,0.0,0.0,0.0,0.0,0.0,0.0,0.0,0.0,4.0,3.0,0.0,3.0,0.0,0.0,0.0,0.0,0.0,0.0,0.0,0.0,0.0,0.0,0.0,0.0,0.0,0.0,0.0,0.0,0.0,0.0,0.0,0.0,0.0,0.0,0.0,0.0,0.0,0.0,0.0,0.0,0.0,0.0,0.0,0.0,0.0,0.0,0.0,0.0,0.0,0.0,0.0,0.0
Phosphorus	CH3-phosphonate	P_CH3_Phn,#34434f,1.0,3.0,1.0,1.0,1.0,0.0,1.0,1.0,1.0,1.0,1.0,2.0,1.0,1.0,1.0,6.0,1.0,1.0,4.0,0.0,1.0,2.0,8.0,1.0,0.0,0.0,1.0,1.0,1.0,1.0,1.0,1.0,1.0,1.0,1.0,0.0,1.0,1.0,0.0,1.0,0.0,1.0,2.0,1.0,1.0,1.0,1.0,1.0,1.0,0.0,1.0,1.0,1.0,1.0,0.0,1.0,1.0,1.0,0.0,2.0,1.0,1.0,0.0,1.0,1.0,0.0,1.0,1.0,2.0,1.0,1.0,1.0,1.0,1.0,1.0,0.0,0.0,0.0,0.0,0.0,0.0,0.0,0.0,0.0,0.0,1.0,0.0,0.0,0.0,0.0,0.0,0.0,0.0,0.0,0.0,0.0,0.0,0.0,0.0,0.0,0.0,0.0,0.0,0.0,0.0,0.0,0.0,0.0,0.0,0.0,1.0,1.0,7.0,9.0,7.0,6.0,2.0,3.0,3.0,4.0,9.0,1.0,8.0,2.0,13.0,9.0,9.0,15.0,9.0,2.0,1.0,11.0,10.0,8.0,8.0,18.0,8.0,9.0,0.0,0.0,1.0,0.0,1.0,1.0,0.0,0.0,0.0,0.0,0.0,0.0,0.0,0.0,0.0,0.0,0.0,1.0,0.0,0.0,0.0,0.0,0.0,0.0,0.0,0.0,0.0,0.0,0.0,0.0,0.0,0.0,0.0,0.0,0.0,1.0,0.0,1.0,0.0,0.0,2.0,0.0,0.0,0.0,7.0,0.0,8.0,0.0,1.0,1.0,1.0,1.0,1.0,1.0,1.0,0.0,0.0,0.0,0.0,0.0,0.0,0.0,0.0,0.0,0.0,0.0,0.0,0.0,0.0,0.0,0.0,0.0,0.0,0.0,0.0,0.0,0.0,0.0,1.0,0.0,0.0,0.0,1.0,0.0,1.0,0.0,0.0,0.0,0.0,0.0,1.0,2.0
Phosphorus	CH3-phosphonate	P_Phn,#34434f,0.0,0.0,0.0,0.0,0.0,0.0,0.0,0.0,0.0,0.0,0.0,0.0,0.0,0.0,0.0,0.0,0.0,0.0,0.0,0.0,0.0,0.0,0.0,0.0,0.0,0.0,0.0,0.0,0.0,0.0,0.0,0.0,0.0,0.0,1.0,0.0,0.0,1.0,0.0,1.0,0.0,0.0,0.0,1.0,0.0,1.0,1.0,0.0,0.0,0.0,0.0,0.0,0.0,0.0,2.0,0.0,0.0,1.0,2.0,1.0,1.0,1.0,0.0,0.0,0.0,1.0,1.0,0.0,0.0,1.0,1.0,0.0,1.0,0.0,0.0,0.0,2.0,1.0,0.0,0.0,0.0,0.0,0.0,0.0,0.0,0.0,0.0,0.0,1.0,0.0,0.0,1.0,0.0,1.0,0.0,0.0,0.0,0.0,0.0,0.0,0.0,0.0,1.0,0.0,0.0,1.0,0.0,0.0,0.0,0.0,0.0,1.0,0.0,0.0,0.0,0.0,0.0,0.0,1.0,0.0,1.0,0.0,0.0,1.0,1.0,0.0,0.0,1.0,0.0,1.0,0.0,0.0,0.0,0.0,1.0,0.0,0.0,1.0,0.0,1.0,0.0,0.0,0.0,0.0,0.0,1.0,0.0,1.0,0.0,0.0,0.0,1.0,0.0,1.0,1.0,0.0,0.0,1.0,1.0,0.0,1.0,1.0,2.0,0.0,0.0,0.0,0.0,0.0,0.0,1.0,1.0,0.0,1.0,0.0,0.0,1.0,1.0,0.0,0.0,0.0,0.0,1.0,0.0,0.0,1.0,1.0,1.0,0.0,0.0,1.0,0.0,1.0,1.0,1.0,1.0,0.0,0.0,0.0,0.0,0.0,0.0,0.0,0.0,0.0,0.0,0.0,0.0,0.0,0.0,0.0,0.0,0.0,0.0,0.0,0.0,0.0,0.0,0.0,1.0,0.0,0.0,1.0,0.0,1.0,1.0,1.0,1.0,0.0,0.0,0.0
Phosphorus	P_regulation	P_regulat,#3787c0,0.0,0.0,0.0,0.0,0.0,0.0,0.0,0.0,0.0,0.0,0.0,0.0,1.0,0.0,0.0,0.0,0.0,0.0,0.0,0.0,0.0,0.0,0.0,0.0,0.0,0.0,4.0,9.0,5.0,8.0,7.0,5.0,6.0,6.0,4.0,6.0,11.0,5.0,4.0,12.0,7.0,11.0,2.0,8.0,5.0,5.0,10.0,7.0,5.0,5.0,9.0,10.0,12.0,6.0,3.0,3.0,5.0,5.0,5.0,7.0,6.0,6.0,5.0,4.0,4.0,6.0,4.0,5.0,3.0,3.0,3.0,4.0,4.0,3.0,3.0,5.0,5.0,6.0,9.0,5.0,4.0,4.0,5.0,6.0,7.0,4.0,5.0,4.0,6.0,4.0,5.0,8.0,7.0,5.0,4.0,5.0,5.0,5.0,5.0,5.0,3.0,5.0,5.0,6.0,4.0,7.0,5.0,5.0,5.0,4.0,3.0,3.0,3.0,3.0,2.0,3.0,3.0,3.0,3.0,3.0,3.0,3.0,3.0,3.0,3.0,4.0,2.0,3.0,3.0,2.0,3.0,2.0,3.0,3.0,3.0,3.0,3.0,3.0,4.0,4.0,4.0,4.0,4.0,3.0,1.0,7.0,4.0,3.0,5.0,4.0,5.0,5.0,4.0,7.0,5.0,5.0,5.0,6.0,5.0,4.0,4.0,5.0,4.0,4.0,4.0,4.0,5.0,5.0,6.0,4.0,3.0,4.0,0.0,5.0,3.0,3.0,1.0,4.0,4.0,1.0,2.0,3.0,4.0,5.0,5.0,5.0,4.0,2.0,5.0,4.0,6.0,3.0,4.0,2.0,0.0,0.0,4.0,2.0,6.0,6.0,9.0,4.0,4.0,4.0,4.0,4.0,6.0,4.0,4.0,4.0,2.0,5.0,3.0,4.0,3.0,1.0,5.0,4.0,5.0,1.0,4.0,4.0,4.0,4.0,4.0,3.0,4.0,4.0,4.0,4.0
Phosphorus	P_transport	P_transp,#4e96c8,5.0,13.0,6.0,5.0,13.0,5.0,18.0,5.0,9.0,12.0,12.0,9.0,17.0,10.0,12.0,5.0,6.0,9.0,14.0,10.0,12.0,9.0,13.0,8.0,1.0,5.0,1.0,4.0,3.0,0.0,0.0,0.0,0.0,5.0,0.0,2.0,4.0,0.0,5.0,2.0,5.0,5.0,1.0,3.0,2.0,0.0,1.0,1.0,0.0,1.0,4.0,0.0,4.0,1.0,0.0,0.0,0.0,0.0,0.0,0.0,1.0,1.0,0.0,1.0,1.0,1.0,6.0,0.0,0.0,1.0,0.0,0.0,0.0,8.0,6.0,7.0,13.0,6.0,7.0,5.0,7.0,8.0,5.0,5.0,4.0,6.0,5.0,5.0,6.0,4.0,5.0,11.0,6.0,7.0,5.0,8.0,11.0,7.0,8.0,4.0,4.0,5.0,5.0,5.0,8.0,8.0,7.0,7.0,8.0,7.0,6.0,6.0,7.0,7.0,6.0,8.0,8.0,5.0,7.0,6.0,8.0,7.0,5.0,8.0,5.0,7.0,11.0,8.0,6.0,4.0,2.0,13.0,5.0,7.0,12.0,8.0,7.0,12.0,6.0,5.0,8.0,4.0,15.0,4.0,0.0,6.0,9.0,2.0,4.0,6.0,6.0,5.0,6.0,6.0,5.0,5.0,7.0,6.0,12.0,6.0,11.0,6.0,8.0,4.0,4.0,4.0,4.0,7.0,7.0,6.0,11.0,14.0,2.0,5.0,7.0,3.0,3.0,11.0,8.0,6.0,10.0,9.0,12.0,8.0,5.0,8.0,5.0,5.0,6.0,7.0,5.0,2.0,7.0,6.0,9.0,8.0,6.0,0.0,9.0,6.0,4.0,2.0,5.0,4.0,5.0,17.0,8.0,1.0,4.0,4.0,4.0,9.0,9.0,6.0,11.0,10.0,6.0,6.0,10.0,2.0,6.0,6.0,6.0,6.0,6.0,2.0,6.0,5.0,6.0,4.0
Phosphorus	Phn_transport	P_Phn,#35556c,4.0,10.0,4.0,0.0,0.0,0.0,0.0,0.0,0.0,3.0,1.0,0.0,0.0,3.0,0.0,6.0,7.0,0.0,6.0,3.0,3.0,3.0,3.0,1.0,3.0,0.0,0.0,0.0,0.0,0.0,0.0,0.0,0.0,0.0,0.0,0.0,0.0,0.0,0.0,0.0,0.0,0.0,0.0,0.0,0.0,0.0,0.0,0.0,0.0,0.0,0.0,0.0,0.0,1.0,0.0,0.0,0.0,0.0,0.0,0.0,0.0,0.0,0.0,0.0,0.0,0.0,0.0,0.0,0.0,0.0,0.0,0.0,0.0,0.0,1.0,0.0,0.0,3.0,0.0,10.0,0.0,1.0,0.0,4.0,4.0,0.0,0.0,1.0,0.0,0.0,1.0,0.0,0.0,0.0,3.0,5.0,1.0,0.0,0.0,0.0,0.0,0.0,0.0,7.0,1.0,4.0,0.0,0.0,0.0,0.0,4.0,10.0,4.0,3.0,4.0,0.0,0.0,0.0,4.0,0.0,4.0,0.0,4.0,4.0,4.0,4.0,5.0,12.0,4.0,0.0,0.0,13.0,14.0,5.0,6.0,15.0,6.0,5.0,0.0,1.0,0.0,1.0,2.0,1.0,0.0,0.0,0.0,0.0,0.0,0.0,0.0,0.0,1.0,1.0,0.0,0.0,5.0,1.0,1.0,3.0,4.0,0.0,0.0,3.0,0.0,0.0,7.0,0.0,1.0,0.0,0.0,13.0,6.0,0.0,2.0,0.0,1.0,1.0,1.0,3.0,0.0,5.0,2.0,1.0,7.0,0.0,0.0,0.0,4.0,1.0,2.0,1.0,1.0,1.0,0.0,0.0,0.0,4.0,0.0,0.0,0.0,0.0,4.0,0.0,0.0,0.0,0.0,0.0,4.0,0.0,4.0,0.0,0.0,0.0,3.0,3.0,0.0,0.0,0.0,0.0,0.0,0.0,0.0,0.0,0.0,0.0,0.0,5.0,6.0,4.0
Phosphorus	Phosphatases 	P_P-ase,#356587,0.0,0.0,0.0,0.0,0.0,0.0,0.0,0.0,0.0,0.0,2.0,0.0,0.0,1.0,1.0,0.0,0.0,0.0,0.0,0.0,0.0,0.0,0.0,0.0,0.0,0.0,1.0,2.0,1.0,2.0,8.0,1.0,3.0,2.0,2.0,4.0,4.0,1.0,2.0,2.0,1.0,2.0,4.0,2.0,2.0,1.0,4.0,3.0,1.0,1.0,1.0,4.0,1.0,1.0,1.0,1.0,1.0,1.0,1.0,1.0,0.0,2.0,2.0,1.0,4.0,0.0,0.0,1.0,2.0,1.0,1.0,3.0,1.0,4.0,5.0,1.0,2.0,0.0,0.0,0.0,0.0,1.0,2.0,2.0,2.0,0.0,2.0,0.0,1.0,0.0,2.0,0.0,0.0,0.0,0.0,0.0,1.0,0.0,0.0,0.0,0.0,1.0,0.0,1.0,1.0,0.0,2.0,0.0,0.0,0.0,0.0,0.0,0.0,0.0,0.0,0.0,0.0,0.0,0.0,0.0,0.0,0.0,0.0,0.0,1.0,0.0,0.0,0.0,0.0,0.0,0.0,0.0,0.0,0.0,0.0,0.0,0.0,0.0,1.0,0.0,0.0,0.0,0.0,0.0,3.0,1.0,1.0,0.0,0.0,5.0,1.0,1.0,4.0,0.0,0.0,1.0,2.0,1.0,0.0,0.0,1.0,3.0,4.0,0.0,0.0,0.0,0.0,0.0,0.0,0.0,1.0,0.0,1.0,0.0,0.0,0.0,0.0,0.0,0.0,0.0,0.0,2.0,0.0,0.0,1.0,1.0,0.0,0.0,0.0,0.0,0.0,0.0,0.0,0.0,0.0,0.0,0.0,0.0,0.0,1.0,0.0,0.0,1.0,0.0,0.0,0.0,0.0,0.0,0.0,0.0,0.0,0.0,0.0,0.0,1.0,1.0,0.0,0.0,0.0,0.0,1.0,0.0,0.0,1.0,0.0,0.0,0.0,1.0,2.0,1.0
Phosphorus	PolyP-ases 	P_PolyPase,#3676a4,0.0,0.0,0.0,0.0,0.0,0.0,0.0,0.0,0.0,0.0,0.0,0.0,0.0,0.0,0.0,0.0,1.0,0.0,0.0,0.0,0.0,0.0,0.0,2.0,0.0,0.0,2.0,2.0,1.0,1.0,2.0,0.0,1.0,2.0,1.0,1.0,2.0,1.0,1.0,2.0,0.0,1.0,1.0,2.0,1.0,1.0,1.0,1.0,1.0,1.0,1.0,0.0,1.0,2.0,0.0,0.0,1.0,0.0,0.0,0.0,1.0,1.0,1.0,1.0,0.0,0.0,1.0,0.0,2.0,2.0,0.0,1.0,2.0,1.0,1.0,1.0,2.0,1.0,0.0,1.0,0.0,0.0,1.0,1.0,1.0,2.0,1.0,1.0,1.0,1.0,1.0,0.0,1.0,0.0,1.0,1.0,1.0,1.0,1.0,1.0,0.0,0.0,1.0,1.0,0.0,1.0,1.0,1.0,1.0,1.0,1.0,2.0,3.0,2.0,4.0,2.0,2.0,3.0,2.0,2.0,2.0,2.0,2.0,2.0,2.0,2.0,3.0,3.0,2.0,1.0,2.0,3.0,2.0,2.0,2.0,2.0,2.0,2.0,1.0,1.0,0.0,1.0,1.0,2.0,0.0,2.0,1.0,1.0,1.0,1.0,1.0,1.0,2.0,2.0,1.0,1.0,1.0,1.0,1.0,1.0,1.0,1.0,2.0,0.0,1.0,1.0,1.0,1.0,0.0,1.0,1.0,1.0,0.0,1.0,0.0,1.0,0.0,0.0,1.0,1.0,0.0,0.0,0.0,0.0,0.0,2.0,1.0,1.0,2.0,2.0,0.0,1.0,1.0,2.0,2.0,2.0,2.0,1.0,3.0,0.0,2.0,1.0,0.0,0.0,1.0,3.0,1.0,1.0,0.0,0.0,1.0,0.0,0.0,0.0,0.0,0.0,1.0,0.0,4.0,0.0,1.0,3.0,1.0,3.0,4.0,1.0,1.0,1.0,3.0,1.0
Phosphorus	PolyP-ases 	P_PyroP,#3676a4,1.0,2.0,2.0,1.0,1.0,1.0,1.0,1.0,1.0,1.0,3.0,1.0,2.0,1.0,1.0,1.0,1.0,1.0,1.0,1.0,1.0,1.0,1.0,1.0,1.0,1.0,1.0,0.0,1.0,1.0,2.0,1.0,1.0,1.0,0.0,2.0,1.0,0.0,0.0,0.0,0.0,1.0,1.0,0.0,0.0,0.0,2.0,1.0,0.0,1.0,1.0,1.0,1.0,1.0,1.0,1.0,2.0,1.0,0.0,0.0,0.0,2.0,1.0,1.0,1.0,1.0,1.0,1.0,0.0,2.0,1.0,1.0,0.0,2.0,2.0,1.0,1.0,1.0,3.0,1.0,0.0,0.0,2.0,1.0,1.0,0.0,1.0,2.0,1.0,1.0,1.0,2.0,1.0,2.0,1.0,2.0,1.0,1.0,1.0,1.0,1.0,0.0,0.0,1.0,0.0,1.0,1.0,1.0,1.0,0.0,0.0,1.0,1.0,1.0,1.0,1.0,1.0,1.0,1.0,1.0,2.0,1.0,2.0,1.0,1.0,1.0,1.0,2.0,1.0,1.0,1.0,1.0,1.0,1.0,1.0,1.0,1.0,1.0,0.0,1.0,0.0,0.0,2.0,2.0,0.0,1.0,2.0,1.0,1.0,1.0,2.0,1.0,2.0,1.0,1.0,1.0,1.0,1.0,1.0,1.0,1.0,0.0,1.0,0.0,1.0,0.0,0.0,1.0,1.0,1.0,2.0,2.0,2.0,2.0,0.0,1.0,0.0,0.0,2.0,1.0,0.0,1.0,1.0,1.0,1.0,1.0,1.0,2.0,1.0,1.0,3.0,1.0,1.0,1.0,1.0,1.0,0.0,0.0,0.0,3.0,2.0,1.0,1.0,1.0,1.0,1.0,1.0,1.0,1.0,1.0,1.0,1.0,1.0,1.0,2.0,2.0,1.0,1.0,2.0,1.0,0.0,2.0,0.0,2.0,2.0,2.0,1.0,0.0,0.0,0.0
Sulfur	S2O3_oxidation	S2O3_ox,#e975a8,0.0,0.0,0.0,0.0,0.0,0.0,0.0,0.0,0.0,0.0,0.0,0.0,0.0,0.0,0.0,0.0,0.0,0.0,0.0,0.0,0.0,0.0,0.0,0.0,0.0,0.0,0.0,0.0,0.0,0.0,1.0,0.0,0.0,0.0,0.0,0.0,0.0,0.0,0.0,0.0,1.0,0.0,0.0,0.0,0.0,0.0,3.0,0.0,0.0,0.0,1.0,0.0,0.0,0.0,0.0,0.0,0.0,0.0,0.0,0.0,0.0,1.0,0.0,0.0,1.0,0.0,0.0,3.0,0.0,0.0,0.0,0.0,0.0,1.0,0.0,0.0,0.0,0.0,3.0,10.0,0.0,0.0,1.0,0.0,0.0,4.0,2.0,10.0,0.0,1.0,0.0,6.0,6.0,3.0,4.0,6.0,0.0,1.0,1.0,1.0,0.0,0.0,3.0,0.0,0.0,4.0,2.0,0.0,1.0,0.0,10.0,5.0,4.0,4.0,11.0,9.0,5.0,9.0,8.0,11.0,13.0,10.0,10.0,9.0,9.0,9.0,11.0,14.0,2.0,12.0,11.0,12.0,11.0,13.0,14.0,12.0,15.0,18.0,7.0,7.0,2.0,5.0,10.0,7.0,0.0,0.0,0.0,4.0,1.0,0.0,0.0,8.0,0.0,6.0,4.0,4.0,1.0,6.0,6.0,0.0,1.0,1.0,12.0,0.0,0.0,0.0,0.0,6.0,6.0,8.0,0.0,0.0,0.0,0.0,0.0,0.0,0.0,0.0,0.0,0.0,1.0,0.0,0.0,0.0,0.0,0.0,0.0,0.0,0.0,0.0,0.0,0.0,0.0,6.0,10.0,5.0,0.0,0.0,1.0,0.0,0.0,0.0,0.0,0.0,0.0,0.0,0.0,0.0,0.0,0.0,0.0,0.0,0.0,0.0,0.0,1.0,0.0,0.0,0.0,0.0,0.0,0.0,0.0,0.0,0.0,0.0,0.0,0.0,0.0,0.0
Sulfur	SO4_A.reduction	SO4_A.red,#8f296a,1.0,1.0,2.0,4.0,1.0,1.0,1.0,3.0,1.0,2.0,1.0,3.0,1.0,1.0,3.0,1.0,1.0,1.0,1.0,0.0,1.0,1.0,1.0,2.0,4.0,6.0,2.0,0.0,0.0,5.0,5.0,0.0,3.0,4.0,0.0,4.0,7.0,0.0,4.0,5.0,0.0,5.0,7.0,4.0,4.0,2.0,5.0,5.0,2.0,4.0,6.0,5.0,12.0,4.0,0.0,1.0,3.0,0.0,2.0,0.0,6.0,5.0,5.0,4.0,5.0,3.0,4.0,5.0,0.0,1.0,6.0,5.0,0.0,7.0,4.0,6.0,5.0,2.0,6.0,0.0,2.0,2.0,4.0,3.0,7.0,4.0,4.0,2.0,2.0,1.0,2.0,3.0,3.0,5.0,2.0,4.0,2.0,1.0,4.0,2.0,3.0,2.0,5.0,6.0,2.0,4.0,4.0,2.0,5.0,0.0,0.0,5.0,0.0,3.0,3.0,3.0,3.0,3.0,4.0,1.0,4.0,3.0,5.0,3.0,3.0,1.0,4.0,3.0,3.0,3.0,2.0,4.0,4.0,4.0,5.0,4.0,3.0,5.0,4.0,7.0,6.0,0.0,2.0,2.0,0.0,6.0,5.0,1.0,4.0,5.0,4.0,4.0,4.0,2.0,4.0,4.0,3.0,4.0,3.0,9.0,4.0,3.0,2.0,1.0,2.0,1.0,1.0,2.0,0.0,0.0,5.0,11.0,3.0,0.0,4.0,1.0,3.0,2.0,2.0,2.0,1.0,2.0,1.0,2.0,2.0,2.0,8.0,3.0,0.0,7.0,8.0,0.0,3.0,5.0,1.0,0.0,4.0,0.0,4.0,3.0,0.0,4.0,4.0,0.0,2.0,4.0,4.0,3.0,0.0,0.0,2.0,0.0,0.0,0.0,2.0,2.0,2.0,0.0,0.0,0.0,2.0,0.0,1.0,0.0,0.0,0.0,0.0,0.0,4.0,0.0
Sulfur	SO4_D.reduction	SO4_D.red,#ce248f,0.0,0.0,0.0,1.0,0.0,0.0,0.0,1.0,0.0,0.0,0.0,1.0,0.0,0.0,1.0,0.0,0.0,0.0,0.0,0.0,0.0,0.0,0.0,0.0,1.0,2.0,1.0,0.0,0.0,1.0,2.0,0.0,2.0,2.0,0.0,2.0,1.0,0.0,2.0,2.0,0.0,2.0,4.0,1.0,2.0,2.0,2.0,4.0,1.0,2.0,1.0,1.0,2.0,2.0,0.0,1.0,2.0,0.0,2.0,0.0,2.0,2.0,2.0,2.0,2.0,2.0,3.0,2.0,0.0,0.0,2.0,3.0,0.0,1.0,1.0,2.0,1.0,5.0,1.0,0.0,8.0,6.0,1.0,1.0,3.0,1.0,1.0,10.0,1.0,1.0,0.0,6.0,2.0,1.0,4.0,2.0,2.0,1.0,1.0,1.0,7.0,1.0,1.0,2.0,8.0,5.0,3.0,2.0,2.0,0.0,0.0,2.0,0.0,1.0,1.0,1.0,1.0,0.0,2.0,1.0,1.0,1.0,2.0,1.0,1.0,1.0,1.0,1.0,1.0,1.0,1.0,1.0,1.0,2.0,2.0,1.0,1.0,1.0,5.0,10.0,3.0,6.0,3.0,2.0,0.0,2.0,1.0,6.0,1.0,1.0,1.0,1.0,1.0,1.0,1.0,0.0,2.0,1.0,1.0,3.0,2.0,1.0,0.0,1.0,2.0,1.0,1.0,2.0,0.0,0.0,2.0,5.0,7.0,0.0,10.0,0.0,8.0,7.0,7.0,5.0,7.0,6.0,5.0,6.0,6.0,7.0,3.0,0.0,0.0,2.0,1.0,0.0,1.0,2.0,1.0,0.0,1.0,0.0,1.0,1.0,0.0,1.0,1.0,0.0,1.0,3.0,3.0,2.0,0.0,0.0,0.0,0.0,0.0,0.0,1.0,1.0,1.0,0.0,0.0,0.0,1.0,0.0,3.0,0.0,0.0,0.0,0.0,0.0,1.0,0.0
